date,project_id,expected_inflow,actual_inflow,expected_outflow,actual_outflow,opening_cash,closing_cash,net_cash_flow,net_cash_flow_lag1,rolling_net_7,rolling_outflow_30
2022-01-28,PJT_A,0.0,0.0,794162.41,770916.88,2014901.42,1243984.54,-770916.88,,-770916.88,770916.88
2022-10-08,PJT_A,790153.75,248796.91,825615.23,1141429.03,1243984.54,351352.42,-892632.12,-770916.88,-831774.5,956172.9550000001
2022-11-19,PJT_A,708740.22,0.0,1224387.17,323111.5,351352.42,28240.92,-323111.5,-892632.12,-662220.1666666666,745152.4700000001
2022-12-29,PJT_A,0.0,0.0,1125699.16,26704.77,28240.92,1536.15,-26704.77,-323111.5,-503341.3175,565540.5449999999
2023-01-02,PJT_A,622653.5,0.0,0.0,1384.45,1536.15,151.7,-1384.45,-26704.77,-402949.944,452709.326
2023-01-22,PJT_A,0.0,716389.68,172374.11,471168.34,151.7,245373.04,245221.34,-1384.45,-294921.39666666667,455785.8283333333
2023-02-10,PJT_A,450731.5,49074.61,449353.19,225818.24,245373.04,68629.41,-176743.63,245221.34,-278038.8585714286,422933.3157142857
2023-02-25,PJT_A,234685.48,8998.09,184019.55,64721.57,68629.41,12905.93,-55723.48,-176743.63,-175868.37285714285,378156.8475
2023-03-11,PJT_A,0.0,0.0,347537.15,11658.61,12905.93,1247.32,-11658.61,-55723.48,-50015.01428571429,337434.82111111115
2023-03-28,PJT_A,0.0,0.0,0.0,1138.15,1247.32,109.17,-1138.15,-11658.61,-4018.8214285714307,303805.154
2023-04-15,PJT_A,565605.48,0.0,529789.24,102.69,109.17,6.48,-102.69,-1138.15,-218.52428571428754,276195.8390909091
2023-04-30,PJT_A,440796.59,106180.34,378916.89,106186.29,6.48,0.53,-5.95,-102.69,-21.5957142857161,262028.37666666668
2023-05-31,PJT_A,634534.98,0.0,544188.28,0.48,0.53,0.05,-0.48,-5.95,-35053.28428571429,241872.38461538462
2023-06-03,PJT_A,642966.59,538814.41,443916.38,311490.1,0.05,227324.36,227324.31,-0.48,22670.70714285714,246845.07857142854
2023-06-20,PJT_A,521925.34,45464.87,256410.59,215819.44,227324.36,56969.79,-170354.57,227324.31,6294.837142857141,244776.70266666668
2023-06-25,PJT_A,224508.55,6244.96,555657.35,51523.9,56969.79,11690.85,-45278.94,-170354.57,1491.932857142854,232698.4025
2023-07-04,PJT_A,576875.02,0.0,166392.64,10644.47,11690.85,1046.38,-10644.47,-45278.94,133.88714285713962,219636.4064705882
2023-07-06,PJT_A,695994.1,0.0,306866.56,985.4,1046.38,60.98,-985.4,-10644.47,7.785714285711118,207489.12833333333
2023-07-17,PJT_A,664185.53,0.0,0.0,55.66,60.98,5.32,-55.66,-985.4,0.68428571428254,196571.57736842104
2023-08-02,PJT_A,747811.02,881793.66,247608.47,477366.53,5.32,404432.45,404427.13,-55.66,57776.057142857135,210611.325
2023-08-06,PJT_A,0.0,614018.83,358390.87,479321.32,404432.45,539129.96,134697.51,404427.13,44543.65714285714,223407.03904761907
2023-08-18,PJT_A,0.0,723265.89,418207.17,608284.38,539129.96,654111.47,114981.51,134697.51,85305.95428571428,240901.46363636365
2023-08-25,PJT_A,0.0,130822.29,658458.25,540625.52,654111.47,244308.24,-409803.23,114981.51,33231.05571428571,253932.94434782607
2023-09-22,PJT_A,483525.04,0.0,323562.75,228991.47,244308.24,15316.77,-228991.47,-409803.23,2038.627142857145,252893.71625000003
2023-09-30,PJT_A,0.0,0.0,0.0,13998.91,15316.77,1317.86,-13998.91,-228991.47,179.55428571428743,243337.924
2023-10-01,PJT_A,0.0,0.0,363835.38,1188.54,1317.86,129.32,-1188.54,-13998.91,17.714285714287467,234024.48615384614
2023-10-02,PJT_A,0.0,0.0,645866.45,118.1,129.32,11.22,-118.1,-1188.54,-57774.46142857143,225361.28666666668
2023-10-11,PJT_A,688068.69,0.0,140536.87,10.31,11.22,0.91,-10.31,-118.1,-77018.43571428572,217313.0375
2023-10-14,PJT_A,0.0,0.0,188542.76,0.85,0.91,0.06,-0.85,-10.31,-93444.48714285715,209819.51379310346
2023-10-21,PJT_A,487972.9,509082.36,199365.73,331474.36,0.06,177608.06,177608.0,-0.85,-9528.59714285715,213874.67533333332
2023-10-28,PJT_A,681634.83,35521.61,418478.94,161422.78,177608.06,51706.89,-125901.17,177608.0,5198.588571428564,193558.20533333335
2023-11-03,PJT_A,565182.76,10134.34,463976.63,47228.6,51706.89,14612.63,-37094.26,-125901.17,1899.2528571428504,157084.85766666665
2023-11-06,PJT_A,773521.39,0.0,0.0,12422.52,14612.63,2190.11,-12422.52,-37094.26,294.39857142856425,146728.55833333332
2023-11-09,PJT_A,0.0,0.0,0.0,2001.59,2190.11,188.52,-2001.59,-12422.52,25.328571428564146,145905.119
2023-11-28,PJT_A,332743.18,0.0,217208.33,177.82,188.52,10.7,-177.82,-2001.59,1.3985714285641595,145864.89800000002
2023-12-04,PJT_A,0.0,645988.3,395808.91,475060.55,10.7,170938.45,170927.75,-177.82,24419.769999999993,145994.6383333333
2023-12-07,PJT_A,0.0,34187.69,694902.48,154168.54,170938.45,50957.6,-119980.85,170927.75,-18092.922857142865,143606.315
2023-12-11,PJT_A,0.0,0.0,0.0,7246.31,50957.6,43711.29,-7246.31,-119980.85,-1142.2285714285788,141690.47299999997
2023-12-12,PJT_A,0.0,8742.26,150957.48,39551.37,43711.29,12902.18,-30809.11,-7246.31,-244.35000000000738,142620.23166666663
2023-12-15,PJT_A,462854.48,0.0,235559.42,11612.38,12902.18,1289.8,-11612.38,-30809.11,-128.61571428572148,142969.37266666666
2023-12-22,PJT_A,494358.13,0.0,510100.41,1221.77,1289.8,68.03,-1221.77,-11612.38,-17.212857142864355,143006.67533333332
2023-12-27,PJT_A,442260.58,0.0,0.0,61.62,68.03,6.41,-61.62,-1221.77,-0.6128571428643558,139469.18633333332
2024-01-03,PJT_A,0.0,0.0,432100.87,5.92,6.41,0.49,-5.92,-61.62,-24419.70857142858,139469.36766666666
2024-01-09,PJT_A,0.0,104976.21,173126.05,104976.66,0.49,0.04,-0.45,-5.92,-7279.651428571434,132585.58633333334
2024-01-20,PJT_A,494412.28,419777.8,473465.12,419777.84,0.04,0.0,-0.04,-0.45,-6244.470000000006,139384.19966666665
2024-01-26,PJT_A,0.0,0.0,473132.54,0.0,0.0,0.0,0.0,-0.04,-1843.1685714285757,137666.73633333333
2024-01-27,PJT_A,0.0,0.0,158991.85,0.0,0.0,0.0,0.0,0.0,-184.25714285714722,137311.92066666664
2024-01-28,PJT_A,190045.03,0.0,142039.16,0.0,0.0,0.0,0.0,0.0,-9.718571428575766,137279.074
2024-02-07,PJT_A,0.0,449104.21,568722.96,449104.21,0.0,0.0,0.0,0.0,-0.9157142857186231,152247.359
2024-02-09,PJT_A,465073.17,0.0,317430.82,0.0,0.0,0.0,0.0,0.0,-0.07000000000433736,136335.14133333333
2024-02-15,PJT_A,605257.15,478813.77,0.0,189448.4,0.0,289365.37,289365.37,0.0,41337.90428571428,126672.71066666667
2024-02-16,PJT_A,0.0,57873.07,432756.19,266631.11,289365.37,80607.33,-208758.04,289365.37,11515.332857142846,115284.26833333333
2024-02-27,PJT_A,312761.62,0.0,0.0,17567.68,80607.33,63039.65,-17567.68,-208758.04,9005.664285714278,97849.007
2024-02-28,PJT_A,0.0,0.0,0.0,8286.11,63039.65,54753.54,-8286.11,-17567.68,7821.934285714278,90492.16166666665
2024-03-03,PJT_A,0.0,10950.71,665220.79,50741.56,54753.54,14962.69,-39790.85,-8286.11,2137.527142857136,91716.91666666667
2024-03-04,PJT_A,518300.36,0.0,611207.65,14151.64,14962.69,811.05,-14151.64,-39790.85,115.86428571427885,92149.02
2024-03-08,PJT_A,642367.25,0.0,224252.09,754.59,811.05,56.46,-754.59,-14151.64,8.06571428570729,92170.23633333333
2024-03-13,PJT_A,207804.43,0.0,476637.52,52.3,56.46,4.16,-52.3,-754.59,-41337.315714285716,92171.63599999998
2024-03-14,PJT_A,261720.5,0.0,686582.18,3.9,4.16,0.26,-3.9,-52.3,-11515.295714285718,92171.73766666665
2024-03-16,PJT_A,0.0,549368.54,567502.21,549368.78,0.26,0.02,-0.24,-3.9,-9005.661428571433,99434.885
2024-03-17,PJT_A,0.0,0.0,242220.75,0.02,0.02,0.0,-0.02,-0.24,-7821.934285714289,94054.12633333333
2024-03-28,PJT_A,669950.61,338378.56,255324.09,338378.56,0.0,0.0,0.0,-0.02,-2137.5271428571464,103759.125
2024-03-30,PJT_A,789984.9,443283.98,514190.31,443283.98,0.0,0.0,0.0,0.0,-115.86428571428938,118121.17366666667
2024-04-09,PJT_A,525378.88,1586748.21,0.0,634166.7,0.0,952581.51,952581.51,0.0,136075.00714285712,139193.344
2024-04-18,PJT_A,733581.63,190516.3,299301.53,393970.4,952581.51,749127.41,-203454.1,952581.51,107017.60714285714,152319.7633333333
2024-04-20,PJT_A,0.0,149825.48,478485.52,693527.23,749127.41,205425.66,-543701.75,-203454.1,29346.4857142857,159601.986
2024-04-21,PJT_A,0.0,0.0,510176.51,190649.32,205425.66,14776.34,-190649.32,-543701.75,2110.90285714285,160818.01200000002
2024-04-25,PJT_A,0.0,0.0,0.0,13690.14,14776.34,1086.2,-13690.14,-190649.32,155.17142857142088,161032.80633333334
2024-04-30,PJT_A,578088.33,0.0,445487.18,1023.11,1086.2,63.09,-1023.11,-13690.14,9.01285714284958,159748.53100000002
2024-05-04,PJT_A,290290.1,0.0,0.0,59.24,63.09,3.85,-59.24,-1023.11,0.5499999999924299,159363.42633333334
2024-05-05,PJT_A,0.0,0.0,561210.18,3.58,3.85,0.27,-3.58,-59.24,-136083.0342857143,159322.81999999998
2024-05-07,PJT_A,0.0,0.0,357309.1,0.25,0.27,0.02,-0.25,-3.58,-107018.19857142857,159320.7743333333
2024-05-13,PJT_A,0.0,0.0,335490.62,0.02,0.02,0.0,-0.02,-0.25,-29346.522857142867,159320.57766666668
2024-05-17,PJT_A,0.0,358665.39,363012.48,358665.39,0.0,0.0,0.0,-0.02,-2110.9057142857214,167776.86866666665
2024-05-22,PJT_A,0.0,548619.71,473047.58,384500.05,0.0,164119.66,164119.66,0.0,23290.49428571428,166600.9423333333
2024-05-23,PJT_A,0.0,32823.93,318533.62,153987.95,164119.66,42955.64,-121164.02,164119.66,6127.507142857135,171733.87399999998
2024-05-24,PJT_A,0.0,0.0,0.0,12653.98,42955.64,30301.66,-12653.98,-121164.02,4328.258571428565,172155.67333333334
2024-05-25,PJT_A,0.0,5287.71,440107.16,28211.82,30301.66,7377.55,-22924.11,-12653.98,1053.897142857137,173096.0673333333
2024-06-02,PJT_A,0.0,0.0,140512.66,6689.88,7377.55,687.67,-6689.88,-22924.11,98.23571428570838,158348.92299999998
2024-06-06,PJT_A,0.0,0.0,228006.26,651.51,687.67,36.16,-651.51,-6689.88,5.165714285708353,158370.64
2024-06-08,PJT_A,467134.13,0.0,130427.87,33.11,36.16,3.05,-33.11,-651.51,0.43571428570834925,152056.79699999996
2024-06-09,PJT_A,0.0,0.0,199628.79,2.85,3.05,0.2,-2.85,-33.11,-23445.63714285715,143169.18833333335
2024-06-10,PJT_A,310119.23,0.0,618526.31,0.18,0.2,0.02,-0.18,-2.85,-6136.517142857148,142583.60499999998
2024-06-11,PJT_A,0.0,0.0,684525.21,0.02,0.02,0.0,-0.02,-0.18,-4328.808571428577,142307.40200000003
2024-06-15,PJT_A,547170.51,0.0,639863.2,0.0,0.0,0.0,0.0,-0.02,-1053.93571428572,140616.01666666666
2024-06-17,PJT_A,716096.4,0.0,298121.56,0.0,0.0,0.0,0.0,0.0,-98.23857142857712,140144.29533333334
2024-06-21,PJT_A,0.0,0.0,449099.83,0.0,0.0,0.0,0.0,0.0,-5.165714285719988,140119.14233333335
2024-06-22,PJT_A,0.0,0.0,505545.58,0.0,0.0,0.0,0.0,0.0,-0.4357142857199884,140117.39900000003
2024-06-29,PJT_A,412393.81,0.0,568125.43,0.0,0.0,0.0,0.0,0.0,-0.028571428577131183,140117.269
2024-07-02,PJT_A,0.0,0.0,348044.71,0.0,0.0,0.0,0.0,0.0,-0.00285714286284547,121804.97633333332
2024-07-07,PJT_A,710026.11,0.0,670651.49,0.0,0.0,0.0,0.0,0.0,0.0,121804.97566666667
2024-07-14,PJT_A,568310.53,248245.64,273387.0,248245.64,0.0,0.0,0.0,0.0,0.0,118800.545
2024-07-18,PJT_A,0.0,1030436.61,307363.07,645204.95,0.0,385231.66,385231.66,0.0,55033.09428571427,125531.24399999999
2024-07-22,PJT_A,0.0,464903.84,525504.75,280067.7,385231.66,570067.8,184836.14,385231.66,81438.25714285714,113727.94399999999
2024-07-24,PJT_A,683972.52,88018.78,0.0,0.0,570067.8,658086.58,88018.78,184836.14,94012.36857142857,100595.59733333332
2024-07-27,PJT_A,572985.5,131617.32,326136.28,455037.92,658086.58,334665.98,-323420.6,88018.78,47809.42571428571,92645.95366666667
2024-08-11,PJT_A,569707.66,28177.79,258497.51,306728.02,334665.98,56115.75,-278550.23,-323420.6,8016.535714285715,96515.24366666665
2024-08-13,PJT_A,0.0,0.0,173260.44,52291.62,56115.75,3824.13,-52291.62,-278550.23,546.3042857142854,97801.95966666666
2024-08-14,PJT_A,430521.03,0.0,562308.14,3600.33,3824.13,223.8,-3600.33,-52291.62,31.97142857142821,97887.867
2024-08-16,PJT_A,664257.27,0.0,215582.41,211.57,223.8,12.23,-211.57,-3600.33,-55031.34714285714,97892.94466666666
2024-08-17,PJT_A,486223.52,0.0,591765.57,11.41,12.23,0.82,-11.41,-211.57,-81438.14000000001,97893.20566666666
2024-08-19,PJT_A,505428.88,0.0,552853.24,0.76,0.82,0.06,-0.76,-11.41,-94012.36,97893.22266666665
2024-08-20,PJT_A,258426.34,576429.88,203518.81,364301.52,0.06,212128.42,212128.36,-0.76,-17505.365714285716,110036.60599999999
2024-08-21,PJT_A,466069.77,42425.68,586034.18,194454.87,212128.42,60099.23,-152029.19,212128.36,569.0685714285688,104562.92199999999
2024-08-25,PJT_A,704927.13,12019.85,130612.69,54461.61,60099.23,17657.47,-42441.76,-152029.19,1976.191428571426,93561.64066666666
2024-09-04,PJT_A,295523.42,0.0,298413.03,16276.27,17657.47,1381.2,-16276.27,-42441.76,165.34285714285474,88971.25133333332
2024-09-08,PJT_A,0.0,485981.68,513434.2,487281.54,1381.2,81.34,-1299.86,-16276.27,9.872857142854498,104792.16999999998
2024-09-09,PJT_A,0.0,0.0,226132.29,75.63,81.34,5.71,-75.63,-1299.86,0.6985714285687915,103854.29699999999
2024-09-11,PJT_A,665816.15,0.0,239313.77,5.39,5.71,0.32,-5.39,-75.63,0.03714285714022062,103631.48066666667
2024-09-13,PJT_A,330252.34,651317.65,0.0,261247.49,0.32,390070.48,390070.16,-5.39,25420.29428571428,112318.01333333332
2024-09-17,PJT_A,0.0,575543.42,287620.63,299603.83,390070.48,666010.07,275939.59,390070.16,86558.69142857144,122303.70399999998
2024-09-23,PJT_A,407263.3,133202.01,256178.82,248250.75,666010.07,550961.33,-115048.74,275939.59,76186.2657142857,130578.63399999999
2024-09-24,PJT_A,0.0,62308.83,148698.49,189332.9,550961.33,423937.26,-127024.07,-115048.74,60365.15142857144,136889.72466666665
2024-09-25,PJT_A,0.0,61738.83,397168.16,290264.3,423937.26,195411.79,-228525.47,-127024.07,27904.349999999995,146565.20066666664
2024-09-27,PJT_A,431550.01,0.0,0.0,93106.15,195411.79,102305.64,-93106.15,-228525.47,14614.27571428571,149668.73899999997
2024-09-28,PJT_A,784634.14,0.0,695895.91,93187.73,102305.64,9117.91,-93187.73,-93106.15,1302.5128571428545,152774.99666666664
2024-10-06,PJT_A,232932.25,0.0,489899.84,8604.92,9117.91,512.99,-8604.92,-93187.73,-55651.07,153061.82733333332
2024-10-11,PJT_A,0.0,335454.48,127628.93,227794.14,512.99,108173.33,107660.34,-8604.92,-79690.96285714288,160654.9653333333
2024-11-04,PJT_A,508170.61,1932364.55,574911.01,1159330.01,108173.33,881207.87,773034.54,107660.34,47178.07714285714,199299.299
2024-11-09,PJT_A,0.0,176241.57,0.0,0.0,881207.87,1057449.44,176241.57,773034.54,90501.73999999999,199299.299
2024-11-12,PJT_A,0.0,211489.89,648870.47,611091.06,1057449.44,657848.27,-399601.17,176241.57,66062.35428571429,219669.001
2024-11-17,PJT_A,635102.75,0.0,0.0,94284.38,657848.27,563563.89,-94284.38,-399601.17,65894.03571428571,214536.95899999997
2024-11-26,PJT_A,0.0,112712.78,628828.67,524811.55,563563.89,151465.12,-412098.77,-94284.38,20335.31571428571,210523.84566666666
2024-12-13,PJT_A,0.0,0.0,0.0,138754.33,151465.12,12710.79,-138754.33,-412098.77,1742.5428571428597,205813.4
2024-12-16,PJT_A,0.0,0.0,386348.08,11776.34,12710.79,934.45,-11776.34,-138754.33,-15319.839999999997,206205.94466666665
2022-01-19,PJT_B,0.0,0.0,0.0,2029.29,2261817.36,2259788.07,-2029.29,,-2029.29,2029.29
2022-01-25,PJT_B,0.0,0.0,390398.3,726490.96,2259788.07,1533297.11,-726490.96,-2029.29,-364260.125,364260.125
2022-04-23,PJT_B,886075.72,46033.09,264308.82,557382.39,1533297.11,1021947.81,-511349.3,-726490.96,-413289.85000000003,428634.2133333334
2022-09-21,PJT_B,807494.56,168020.98,1167216.15,927822.61,1021947.81,262146.18,-759801.63,-511349.3,-499917.795,553431.3125
2023-04-22,PJT_B,371640.97,0.0,0.0,245204.79,262146.18,16941.39,-245204.79,-759801.63,-448975.19399999996,491786.00800000003
2023-04-28,PJT_B,204241.81,0.0,261793.93,15629.3,16941.39,1312.09,-15629.3,-245204.79,-376750.87833333336,412426.55666666664
2023-05-11,PJT_B,638705.4,0.0,447641.58,1192.6,1312.09,119.49,-1192.6,-15629.3,-323099.6957142857,353678.84857142856
2023-05-16,PJT_B,840090.02,0.0,730344.71,110.15,119.49,9.34,-110.15,-1192.6,-322825.53285714285,309482.76125
2023-06-26,PJT_B,316108.46,594462.8,0.0,247170.09,9.34,347302.05,347292.71,-110.15,-169427.86571428573,302559.13111111114
2023-06-27,PJT_B,833183.87,865430.75,163546.93,303117.31,347302.05,909615.49,562313.44,347292.71,-16047.47428571428,302614.949
2023-08-02,PJT_B,0.0,1386510.06,471535.29,695738.69,909615.49,1600386.86,690771.37,562313.44,191177.24,338353.4709090909
2023-08-19,PJT_B,0.0,316108.46,507646.82,499836.26,1600386.86,1416659.06,-183727.8,690771.37,199959.66714285713,351810.36999999994
2023-08-20,PJT_B,0.0,0.0,672462.4,910689.57,1416659.06,505969.49,-910689.57,-183727.8,72093.9142857143,394801.07769230765
2023-08-29,PJT_B,710709.52,0.0,0.0,222417.06,505969.49,283552.43,-222417.06,-910689.57,40490.420000000006,382487.9335714286
2023-09-05,PJT_B,241445.76,17455.05,585135.0,262737.5,283552.43,38269.98,-245282.45,-222417.06,5465.805714285724,374504.5713333333
2023-09-09,PJT_B,0.0,0.0,749971.37,36165.39,38269.98,2104.59,-36165.39,-245282.45,-49313.922857142854,353358.3725
2023-09-14,PJT_B,0.0,0.0,746594.47,1996.05,2104.59,108.54,-1996.05,-36165.39,-129929.56428571427,332690.00058823527
2023-10-08,PJT_B,728862.5,0.0,223774.83,102.89,108.54,5.65,-102.89,-1996.05,-228625.88714285713,314212.93888888886
2023-10-09,PJT_B,310852.22,0.0,359167.07,5.26,5.65,0.39,-5.26,-102.89,-202379.81,297675.69263157895
2023-10-10,PJT_B,657365.29,0.0,504200.19,0.36,0.39,0.03,-0.36,-5.26,-72281.35142857143,282791.926
2023-10-15,PJT_B,827607.75,0.0,454545.6,0.03,0.03,0.0,-0.03,-0.36,-40507.49,269325.64523809525
2023-11-05,PJT_B,562130.9,257729.22,0.0,105766.63,0.0,151962.59,151962.59,-0.03,16241.801428571427,261891.14454545453
2023-11-08,PJT_B,0.0,30392.52,568902.77,142265.57,151962.59,40089.54,-111873.05,151962.59,5426.421428571428,256690.03260869565
2023-11-10,PJT_B,223652.83,6426.02,600815.18,36631.85,40089.54,9883.71,-30205.83,-111873.05,1396.4528571428548,247520.94166666665
2023-11-20,PJT_B,397380.02,0.0,0.0,9264.85,9883.71,618.86,-9264.85,-30205.83,87.60142857142584,237990.698
2023-11-24,PJT_B,0.0,0.0,0.0,558.14,618.86,60.72,-558.14,-9264.85,8.618571428568625,228858.67653846153
2023-12-06,PJT_B,583829.61,1454617.89,564663.59,702566.25,60.72,752112.36,752051.64,-558.14,107444.61857142857,246403.40148148147
2023-12-10,PJT_B,510453.71,150422.47,401764.0,534040.66,752112.36,368494.17,-383618.19,752051.64,52642.02428571428,256676.1607142857
2023-12-24,PJT_B,0.0,301845.13,712264.71,562476.97,368494.17,107862.33,-260631.84,-383618.19,-6300.037142857148,267221.0162068965
2024-01-16,PJT_B,0.0,497948.87,0.0,281219.71,107862.33,324591.49,216729.16,-260631.84,40643.13571428571,267687.6393333333
2024-01-17,PJT_B,469990.37,64918.3,563924.46,304242.51,324591.49,85267.28,-239324.21,216729.16,10769.08142857143,277761.41333333333
2024-01-19,PJT_B,0.0,0.0,522342.85,78351.93,85267.28,6915.35,-78351.93,-239324.21,899.4985714285722,256156.779
2024-01-22,PJT_B,669275.95,0.0,426181.94,6238.92,6915.35,676.43,-6238.92,-78351.93,87.95857142857143,237785.33000000002
2024-01-28,PJT_B,0.0,0.0,425319.44,631.57,676.43,44.86,-631.57,-6238.92,-107438.21428571429,206878.962
2024-02-02,PJT_B,0.0,0.0,307333.63,40.62,44.86,4.24,-40.62,-631.57,-52641.41857142858,198706.82299999997
2024-02-10,PJT_B,813237.53,0.0,0.0,3.95,4.24,0.29,-3.95,-40.62,-15408.862857142865,198185.978
2024-02-12,PJT_B,0.0,0.0,373006.76,0.27,0.29,0.02,-0.27,-3.95,-46370.210000000014,198146.23366666667
2024-02-21,PJT_B,850327.18,0.0,533540.99,0.02,0.02,0.0,-0.02,-0.27,-12181.040000000006,198142.56266666666
2024-02-22,PJT_B,494986.99,0.0,0.0,0.0,0.0,0.0,0.0,-0.02,-987.9071428571509,189903.55966666667
2024-02-24,PJT_B,726529.64,0.0,739827.54,0.0,0.0,0.0,0.0,0.0,-96.6328571428652,179799.6493333333
2024-03-03,PJT_B,899671.62,0.0,643835.05,0.0,0.0,0.0,0.0,0.0,-6.408571428579484,156608.35966666666
2024-03-04,PJT_B,440431.38,0.0,613230.55,0.0,0.0,0.0,0.0,0.0,-0.6057142857223413,139947.15099999998
2024-03-08,PJT_B,270090.19,1125882.46,505784.1,717508.39,0.0,408374.07,408374.07,0.0,58339.11142857142,133507.77833333335
2024-03-10,PJT_B,0.0,81674.81,662965.6,101630.35,408374.07,388418.53,-19955.54,408374.07,55488.35857142857,129481.55466666668
2024-03-14,PJT_B,582466.06,77683.71,611680.4,352620.36,388418.53,113481.88,-274936.65,-19955.54,16211.697142857136,132477.65
2024-03-19,PJT_B,265314.5,0.0,686077.28,106055.43,113481.88,7426.45,-106055.43,-274936.65,1060.921428571424,134807.318
2024-04-01,PJT_B,0.0,1151353.19,0.0,513024.11,7426.45,645755.53,638329.08,-106055.43,92250.79,151841.58666666664
2024-04-08,PJT_B,436215.43,608936.14,662172.23,740535.76,645755.53,514155.91,-131599.62,638329.08,73450.84428571428,176522.68233333336
2024-04-09,PJT_B,0.0,173235.5,0.0,28634.89,514155.91,658756.52,144600.61,-131599.62,94108.07428571428,177477.00333333333
2024-04-12,PJT_B,599171.93,131751.3,543700.8,347439.82,658756.52,443068.0,-215688.52,144600.61,4956.275714285701,189058.3186666667
2024-04-23,PJT_B,0.0,88613.6,759727.49,408738.95,443068.0,122942.65,-320125.35,-215688.52,-37925.12571428572,202682.94933333335
2024-04-26,PJT_B,0.0,0.0,610059.81,116229.4,122942.65,6713.25,-116229.4,-320125.35,-15252.661428571433,203031.70833333334
2024-04-29,PJT_B,0.0,0.0,303428.95,6152.0,6713.25,561.25,-6152.0,-116229.4,-980.7428571428629,198494.58933333334
2024-05-02,PJT_B,856121.11,0.0,656303.19,516.01,561.25,45.24,-516.01,-6152.0,-92244.32714285715,197290.728
2024-05-05,PJT_B,0.0,0.0,769264.77,42.11,45.24,3.13,-42.11,-516.01,-73450.39714285715,196983.30333333332
2024-05-08,PJT_B,658796.05,0.0,679852.79,2.86,3.13,0.27,-2.86,-42.11,-94108.03571428571,196964.79400000002
2024-05-09,PJT_B,0.0,0.0,608085.65,0.25,0.27,0.02,-0.25,-2.86,-63295.42571428571,173545.92733333335
2024-05-11,PJT_B,0.0,154926.33,0.0,64086.05,0.02,90840.3,90840.28,-0.25,-4586.050000000003,157880.77366666668
2024-05-13,PJT_B,0.0,18168.06,732350.91,85320.19,90840.3,23688.17,-67152.13,90840.28,2424.988571428567,141975.54766666665
2024-05-20,PJT_B,549799.95,0.0,801670.22,21571.91,23688.17,2116.26,-21571.91,-67152.13,222.14428571428132,133320.621
2024-05-25,PJT_B,0.0,0.0,0.0,1988.63,2116.26,127.63,-1988.63,-21571.91,11.76999999999563,123245.49166666667
2024-05-28,PJT_B,0.0,0.0,232461.65,115.67,127.63,11.96,-115.67,-1988.63,1.2614285714241678,120637.61633333334
2024-05-30,PJT_B,0.0,2.39,451929.74,10.89,11.96,3.46,-8.5,-115.67,0.45571428570988204,120430.01533333333
2024-06-03,PJT_B,845299.35,0.0,483586.46,3.29,3.46,0.17,-3.29,-8.5,0.021428571424167826,120409.07266666667
2024-06-04,PJT_B,0.0,0.0,759078.71,0.16,0.17,0.01,-0.16,-3.29,-12977.184285714291,120407.72399999999
2024-06-08,PJT_B,808297.78,0.0,0.0,0.01,0.01,0.0,-0.01,-0.16,-3384.02428571429,120407.59266666668
2024-06-15,PJT_B,0.0,0.0,318261.66,0.0,0.0,0.0,0.0,-0.01,-302.3228571428613,120407.58366666667
2024-06-19,PJT_B,0.0,0.0,731954.17,0.0,0.0,0.0,0.0,0.0,-18.232857142861306,120407.58300000001
2024-06-20,PJT_B,510616.25,0.0,0.0,0.0,0.0,0.0,0.0,0.0,-1.7085714285755913,120407.58300000001
2024-06-26,PJT_B,0.0,1245047.71,247678.47,619839.16,0.0,625208.55,625208.55,0.0,89315.01285714285,141068.88833333334
2024-07-05,PJT_B,0.0,801505.94,356097.71,388731.02,625208.55,1037983.47,412774.92,625208.55,148283.32857142857,154026.589
2024-07-07,PJT_B,0.0,207596.69,764860.88,775689.1,1037983.47,469891.06,-568092.41,412774.92,67127.29285714283,179882.89233333335
2024-07-10,PJT_B,0.0,0.0,656766.04,443711.41,469891.06,26179.65,-443711.41,-568092.41,3739.9499999999866,170756.32633333336
2024-07-18,PJT_B,0.0,0.0,732793.34,23748.47,26179.65,2431.18,-23748.47,-443711.41,347.31142857141197,168160.26366666667
2024-07-21,PJT_B,0.0,0.0,448912.29,2220.72,2431.18,210.46,-2220.72,-23748.47,30.065714285697855,156480.27566666668
2024-07-23,PJT_B,0.0,0.0,688904.16,196.93,210.46,13.53,-196.93,-2220.72,1.932857142840707,152951.65899999999
2024-07-28,PJT_B,0.0,0.0,324595.33,12.58,13.53,0.95,-12.58,-196.93,-89315.37142857144,135851.27466666666
2024-07-30,PJT_B,0.0,0.0,0.0,0.89,0.95,0.06,-0.89,-12.58,-148283.3442857143,111166.77900000001
2024-08-05,PJT_B,0.0,0.0,481523.54,0.06,0.06,0.0,-0.06,-0.89,-67127.2942857143,110212.28466666667
2024-08-06,PJT_B,0.0,0.0,384400.31,0.0,0.0,0.0,0.0,-0.06,-3739.950000000024,98630.95733333332
2024-08-10,PJT_B,215033.52,0.0,422597.91,0.0,0.0,0.0,0.0,0.0,-347.3114285714527,85006.32566666667
2024-08-19,PJT_B,0.0,0.0,274888.55,0.0,0.0,0.0,0.0,0.0,-30.06571428573843,81132.01233333333
2024-08-21,PJT_B,294248.79,0.0,657654.31,0.0,0.0,0.0,0.0,0.0,-1.932857142881285,80926.94566666667
2024-08-23,PJT_B,693199.93,0.0,532240.83,0.0,0.0,0.0,0.0,0.0,-0.13571428573842792,80909.74533333333
2024-08-26,PJT_B,0.0,0.0,511601.03,0.0,0.0,0.0,0.0,0.0,-0.008571428595570783,80908.34166666666
2024-08-27,PJT_B,0.0,0.0,505806.29,0.0,0.0,0.0,0.0,0.0,0.0,80908.24633333334
2024-08-30,PJT_B,0.0,0.0,576928.63,0.0,0.0,0.0,0.0,0.0,0.0,80908.238
2024-08-31,PJT_B,0.0,0.0,281630.85,0.0,0.0,0.0,0.0,0.0,0.0,78772.03633333332
2024-09-08,PJT_B,0.0,0.0,424564.83,0.0,0.0,0.0,0.0,0.0,0.0,75928.03
2024-09-18,PJT_B,0.0,221398.35,0.0,87816.6,0.0,133581.75,133581.75,0.0,19083.10714285712,78136.18633333333
2024-09-19,PJT_B,0.0,26716.35,0.0,0.0,133581.75,160298.1,26716.35,133581.75,22899.728571428546,78069.89866666666
2024-09-20,PJT_B,872034.78,22911.78,0.0,0.0,160298.1,183209.88,22911.78,26716.35,26172.839999999975,78066.043
2024-09-23,PJT_B,404781.39,36641.98,146576.1,155355.6,183209.88,64496.26,-118713.62,22911.78,9213.751428571404,83244.2
2024-09-24,PJT_B,0.0,0.0,768429.28,60843.69,64496.26,3652.57,-60843.69,-118713.62,521.7957142856903,85272.21333333333
2024-09-29,PJT_B,0.0,0.0,591384.64,3457.28,3652.57,195.29,-3457.28,-60843.69,27.898571428547452,85387.45066666669
2024-10-01,PJT_B,447469.88,0.0,434065.07,177.05,195.29,18.24,-177.05,-3457.28,2.6057142856903073,85393.352
2024-10-03,PJT_B,0.0,0.0,0.0,16.47,18.24,1.77,-16.47,-177.05,-19082.854285714307,85393.901
2024-10-04,PJT_B,801821.82,0.0,792617.17,1.61,1.77,0.16,-1.61,-16.47,-22899.705714285734,85393.95466666667
2024-10-05,PJT_B,210486.44,0.0,440714.97,0.15,0.16,0.01,-0.15,-1.61,-26172.838571428594,85393.95966666666
2024-10-06,PJT_B,0.0,0.0,778636.19,0.01,0.01,0.0,-0.01,-0.15,-9213.751428571451,64732.65466666666
2024-10-09,PJT_B,713206.6,0.0,179906.14,0.0,0.0,0.0,0.0,-0.01,-521.7957142857374,51774.954000000005
2024-10-11,PJT_B,0.0,0.0,473563.6,0.0,0.0,0.0,0.0,0.0,-27.89857142859452,25918.65066666667
2024-10-12,PJT_B,0.0,0.0,270373.26,0.0,0.0,0.0,0.0,0.0,-2.605714285737372,11128.270333333332
2024-10-13,PJT_B,0.0,0.0,221357.42,0.0,0.0,0.0,0.0,0.0,-0.2528571428802294,10336.654666666667
2024-10-14,PJT_B,0.0,0.0,507517.07,0.0,0.0,0.0,0.0,0.0,-0.022857142880229407,10262.630666666666
2024-10-17,PJT_B,858516.09,0.0,430958.28,0.0,0.0,0.0,0.0,0.0,-0.001428571451657977,10256.066333333332
2024-10-25,PJT_B,292011.43,0.0,148851.55,0.0,0.0,0.0,0.0,0.0,0.0,10255.646999999999
2024-10-26,PJT_B,0.0,0.0,741310.69,0.0,0.0,0.0,0.0,0.0,0.0,10255.617333333332
2024-10-29,PJT_B,0.0,790659.14,339946.16,527452.84,0.0,263206.3,263206.3,0.0,37600.89999999997,27837.376666666663
2024-10-30,PJT_B,694934.25,52641.26,369267.1,237093.15,263206.3,78754.41,-184451.89,263206.3,11250.629999999972,35740.48166666667
2024-11-07,PJT_B,0.0,15750.88,487863.1,71803.7,78754.41,22701.59,-56052.82,-184451.89,3243.084285714257,38133.93833333333
2024-11-13,PJT_B,0.0,0.0,0.0,18011.83,22701.59,4689.76,-18011.83,-56052.82,669.9657142856855,38734.33266666667
2024-11-18,PJT_B,0.0,0.0,0.0,4246.6,4689.76,443.16,-4246.6,-18011.83,63.308571428542564,38875.88599999999
2024-11-22,PJT_B,0.0,1518293.49,0.0,608892.08,443.16,909844.57,909401.41,-4246.6,129977.79571428569,59172.28866666667
2024-11-25,PJT_B,0.0,393880.37,540189.99,709424.59,909844.57,594300.35,-315544.22,909401.41,84900.04999999997,82819.775
2024-12-04,PJT_B,391643.35,26988.22,0.0,0.0,594300.35,621288.57,26988.22,-315544.22,51154.609999999986,82819.775
2024-12-05,PJT_B,0.0,124257.71,722093.34,565813.32,621288.57,179732.96,-441555.61,26988.22,14425.507142857134,101680.219
2024-12-11,PJT_B,0.0,0.0,0.0,128875.87,179732.96,50857.09,-128875.87,-441555.61,4022.2142857142776,105976.08133333334
2024-12-21,PJT_B,0.0,0.0,649241.74,47358.62,50857.09,3498.47,-47358.62,-128875.87,-170.18428571429519,107554.702
2024-12-24,PJT_B,0.0,0.0,613544.35,3241.62,3498.47,256.85,-3241.62,-47358.62,-26.615714285723698,104735.536
2024-12-26,PJT_B,0.0,0.0,397985.24,233.78,256.85,23.07,-233.78,-3241.62,-129974.50000000001,104743.32866666667
2022-04-11,PJT_C,392035.75,39276.31,245486.35,110074.92,1026432.15,955633.54,-70798.61,,-70798.61,110074.92
2022-05-15,PJT_C,142066.49,142066.49,396451.44,458732.18,955633.54,638967.85,-316665.69,-70798.61,-193732.15,284403.55
2022-07-20,PJT_C,0.0,0.0,359107.8,553023.88,638967.85,85943.97,-553023.88,-316665.69,-313496.06,373943.66
2022-10-21,PJT_C,0.0,0.0,99550.49,78726.25,85943.97,7217.72,-78726.25,-553023.88,-254803.6075,300139.3075
2022-12-10,PJT_C,118425.08,0.0,374506.32,6628.14,7217.72,589.58,-6628.14,-78726.25,-205168.51400000002,241437.07399999996
2023-01-05,PJT_C,0.0,0.0,95465.59,548.25,589.58,41.33,-548.25,-6628.14,-171065.1366666667,201288.93666666665
2023-01-09,PJT_C,352368.24,0.0,0.0,39.24,41.33,2.09,-39.24,-548.25,-146632.86571428573,172538.97999999998
2023-01-30,PJT_C,201593.31,116470.36,113069.09,115590.76,2.09,881.69,879.6,-39.24,-136393.12142857144,165420.45249999998
2023-02-15,PJT_C,0.0,176.34,151723.19,799.09,881.69,258.94,-622.75,879.6,-91244.13000000002,147129.19
2023-02-24,PJT_C,282366.8,51.79,233547.75,241.91,258.94,68.82,-190.12,-622.75,-12267.878571428571,132440.462
2023-03-06,PJT_C,313679.74,13.76,145362.42,62.38,68.82,20.2,-48.62,-190.12,-1028.217142857143,120406.09090909091
2023-03-14,PJT_C,388313.58,4.04,203547.32,18.99,20.2,5.25,-14.95,-48.62,-83.47571428571429,110373.8325
2023-03-22,PJT_C,267388.06,1.05,306020.25,4.97,5.25,1.33,-3.92,-14.95,-5.714285714285713,101883.92
2023-05-08,PJT_C,0.0,278548.19,169446.74,197697.56,1.33,80851.96,80850.63,-3.92,11549.98142857143,108727.75142857143
2023-05-12,PJT_C,194758.91,16170.39,270632.24,73972.52,80851.96,23049.83,-57802.13,80850.63,3166.877142857144,106410.736
2023-05-20,PJT_C,211929.51,0.0,0.0,5722.58,23049.83,17327.25,-5722.58,-57802.13,2438.3300000000017,100117.72624999999
2023-05-22,PJT_C,0.0,2842.06,78611.03,15954.46,17327.25,4214.85,-13112.4,-5722.58,592.2900000000019,95166.94588235294
2023-06-01,PJT_C,0.0,0.0,166418.57,3865.42,4214.85,349.43,-3865.42,-13112.4,47.03285714285903,90094.63888888889
2023-06-05,PJT_C,287434.71,0.0,304117.0,320.43,349.43,29.0,-320.43,-3865.42,3.392857142858978,85369.68052631579
2023-06-06,PJT_C,272578.15,0.0,98047.21,27.33,29.0,1.67,-27.33,-320.43,0.04857142857326429,81102.563
2023-06-20,PJT_C,270473.51,0.0,0.0,1.58,1.67,0.09,-1.58,-27.33,-11550.267142857143,77240.61142857143
2023-07-08,PJT_C,105369.69,271569.98,84184.62,158772.38,0.09,112797.69,112797.6,-1.58,12821.12285714286,80946.6009090909
2023-07-10,PJT_C,232588.44,22559.54,143120.77,102485.51,112797.69,32871.72,-79925.97,112797.6,2220.638571428574,81883.0752173913
2023-07-14,PJT_C,379499.92,0.0,0.0,4827.46,32871.72,28044.26,-4827.46,-79925.97,3404.201428571431,78672.42458333333
2023-07-15,PJT_C,394406.81,5608.85,253186.97,25309.2,28044.26,8343.91,-19700.35,-4827.46,1142.068571428574,76537.89559999999
2023-07-18,PJT_C,149226.49,0.0,74508.81,7550.24,8343.91,793.67,-7550.24,-19700.35,109.23857142857378,73884.52423076922
2023-08-01,PJT_C,0.0,0.0,307779.69,739.97,793.67,53.7,-739.97,-7550.24,7.432857142859445,71175.46666666667
2023-08-04,PJT_C,0.0,0.0,241526.86,49.9,53.7,3.8,-49.9,-739.97,0.5300000000023043,68635.26785714286
2023-08-09,PJT_C,273394.98,0.0,259956.59,3.57,3.8,0.23,-3.57,-49.9,-16113.922857142856,66268.6575862069
2023-08-11,PJT_C,203746.26,0.0,179338.03,0.22,0.23,0.01,-0.22,-3.57,-4695.9585714285695,64059.70966666667
2023-08-27,PJT_C,99853.25,156210.67,343791.27,156210.68,0.01,0.0,-0.01,-0.22,-4006.322857142855,65597.56833333333
2023-09-01,PJT_C,245939.74,738454.65,89527.26,349571.16,0.0,388883.49,388883.49,-0.01,54362.79714285715,61958.86766666667
2023-09-02,PJT_C,155815.68,188626.61,144180.24,186736.51,388883.49,390773.59,1890.1,388883.49,55711.41714285714,49749.288666666675
2023-09-04,PJT_C,0.0,43255.86,0.0,0.0,390773.59,434029.45,43255.86,1890.1,61996.535714285725,47125.08033333334
2023-09-10,PJT_C,0.0,86805.89,299747.39,196899.15,434029.45,323936.19,-110093.26,43255.86,46276.055714285714,53467.44733333334
2023-09-16,PJT_C,0.0,0.0,0.0,38957.32,323936.19,284978.87,-38957.32,-110093.26,40711.23428571429,54747.74966666668
2023-09-17,PJT_C,301456.18,36432.93,180821.85,132453.81,284978.87,188957.99,-96020.88,-38957.32,26993.997142857148,59161.568666666666
2023-09-24,PJT_C,383767.39,0.0,0.0,38990.13,188957.99,149967.86,-38990.13,-96020.88,21423.980000000003,56608.21433333334
2023-09-25,PJT_C,213884.65,29993.57,238134.19,137451.4,149967.86,42510.03,-107457.83,-38990.13,-49481.922857142854,61163.291333333334
2023-10-07,PJT_C,147234.3,0.0,138348.73,39208.12,42510.03,3301.91,-39208.12,-107457.83,-55353.097142857136,62462.16500000001
2023-10-16,PJT_C,0.0,0.0,99954.64,3015.47,3301.91,286.44,-3015.47,-39208.12,-61963.287142857145,62560.60133333333
2023-10-30,PJT_C,82068.59,181374.48,182209.66,181639.24,286.44,21.68,-264.76,-3015.47,-46273.50142857142,68614.60966666667
2023-11-06,PJT_C,0.0,0.0,303048.33,20.57,21.68,1.11,-20.57,-264.76,-40711.108571428565,68615.12966666667
2023-11-09,PJT_C,166015.24,219473.05,244626.23,170204.41,1.11,49269.75,49268.64,-20.57,-19955.46285714285,67698.69133333334
2023-11-12,PJT_C,339797.16,9853.95,254813.65,46108.39,49269.75,13015.31,-36254.44,49268.64,-19564.649999999994,66769.887
2023-11-27,PJT_C,363574.81,1722.56,146166.36,12351.44,13015.31,2386.43,-10628.88,-36254.44,-5731.942857142853,66990.849
2023-12-01,PJT_C,354915.76,0.0,287412.13,2240.78,2386.43,145.65,-2240.78,-10628.88,-450.8942857142823,66533.72633333334
2023-12-11,PJT_C,0.0,0.0,294567.27,136.84,145.65,8.81,-136.84,-2240.78,-39.66142857142519,66409.44033333333
2023-12-29,PJT_C,294946.83,330197.13,0.0,133044.93,8.81,197161.01,197152.2,-136.84,28162.761428571433,70833.59033333333
2024-01-03,PJT_C,0.0,39432.2,346887.56,183653.19,197161.01,52940.02,-144220.99,197152.2,7562.701428571438,76954.45233333333
2024-01-05,PJT_C,181421.64,6441.6,317609.44,50004.46,52940.02,9377.16,-43562.86,-144220.99,-5698.941428571421,78621.215
2024-01-06,PJT_C,0.0,0.0,159485.05,8584.64,9377.16,792.52,-8584.64,-43562.86,-1746.112857142849,73614.957
2024-01-07,PJT_C,336766.73,0.0,0.0,748.14,792.52,44.38,-748.14,-8584.64,-334.57857142856335,70223.71133333333
2024-01-16,PJT_C,0.0,332593.9,271512.27,332338.69,44.38,299.59,255.21,-748.14,21.99142857143668,81140.75233333332
2024-01-17,PJT_C,97163.13,59.92,0.0,0.0,299.59,359.51,59.92,255.21,50.10000000000811,80297.11233333334
2024-01-26,PJT_C,347661.5,71.9,213334.09,334.64,359.51,96.77,-262.74,59.92,-28152.034285714275,80056.59233333333
2024-01-31,PJT_C,0.0,0.0,311656.16,87.92,96.77,8.85,-87.92,-262.74,-7561.595714285708,80034.85733333333
2024-02-02,PJT_C,0.0,1.77,182333.41,8.02,8.85,2.6,-6.25,-87.92,-1339.22285714285,80033.46133333334
2024-02-08,PJT_C,381458.63,0.0,292651.59,2.43,2.6,0.17,-2.43,-6.25,-113.19285714285016,80033.42333333332
2024-02-14,PJT_C,194301.55,0.0,354821.86,0.15,0.17,0.02,-0.15,-2.43,-6.337142857135875,80033.42100000002
2024-02-20,PJT_C,215101.51,465834.44,156256.36,298702.99,0.02,167131.47,167131.45,-0.15,23833.125714285725,84783.16466666666
2024-02-28,PJT_C,213982.45,33426.29,80281.42,90743.69,167131.47,109814.07,-57317.4,167131.45,15636.365714285723,76155.58233333332
2024-03-14,PJT_C,0.0,21962.81,172447.48,103669.2,109814.07,28107.68,-81706.39,-57317.4,4001.5585714285803,73386.672
2024-03-16,PJT_C,0.0,70702.99,300720.54,97355.27,28107.68,1455.4,-26652.28,-81706.39,206.65000000000822,76631.84766666667
2024-03-17,PJT_C,0.0,0.0,0.0,1345.6,1455.4,109.8,-1345.6,-26652.28,15.314285714293712,70113.39600000001
2024-03-24,PJT_C,0.0,213744.08,0.0,92939.57,109.8,120914.31,120804.51,-1345.6,17273.44857142858,71912.80433333333
2024-03-26,PJT_C,155121.41,24182.86,0.0,0.0,120914.31,145097.17,24182.86,120804.51,20728.164285714294,67497.67733333334
2024-04-05,PJT_C,157172.87,29019.43,80455.99,85190.59,145097.17,88926.01,-56171.16,24182.86,-11172.208571428566,69037.69266666667
2024-04-11,PJT_C,360289.58,17785.2,92040.21,82623.85,88926.01,24087.36,-64838.65,-56171.16,-12246.672857142852,67210.10766666666
2024-04-13,PJT_C,132571.79,0.0,96749.36,22524.01,24087.36,1563.35,-22524.01,-64838.65,-3792.0471428571373,66653.97066666666
2024-04-27,PJT_C,0.0,0.0,83356.96,1470.32,1563.35,93.03,-1470.32,-22524.01,-194.6242857142804,66602.46566666667
2024-05-01,PJT_C,0.0,0.0,340438.66,88.32,93.03,4.71,-88.32,-1470.32,-15.012857142851844,60550.76833333333
2024-05-02,PJT_C,205862.61,0.0,110269.96,4.41,4.71,0.3,-4.41,-88.32,-17273.429999999997,60550.229666666666
2024-05-06,PJT_C,0.0,0.0,224113.6,0.27,0.3,0.03,-0.27,-4.41,-20728.162857142852,54876.75833333333
2024-05-24,PJT_C,385807.83,103304.5,292570.36,103304.53,0.03,0.0,-0.03,-0.27,-12703.715714285709,56783.29633333334
2024-05-26,PJT_C,0.0,0.0,302480.46,0.0,0.0,0.0,0.0,-0.03,-3441.0514285714225,56371.581666666665
2024-05-27,PJT_C,270869.46,202999.89,252838.52,202999.89,0.0,0.0,0.0,0.0,-223.3357142857085,63063.551999999996
2024-06-03,PJT_C,230093.04,0.0,0.0,0.0,0.0,0.0,0.0,0.0,-13.289999999994208,63058.990666666665
2024-06-05,PJT_C,300815.0,0.0,76722.26,0.0,0.0,0.0,0.0,0.0,-0.6728571428513529,58624.15966666667
2024-06-07,PJT_C,175352.72,0.0,152303.73,0.0,0.0,0.0,0.0,0.0,-0.042857142851352954,52502.386666666665
2024-06-12,PJT_C,0.0,0.0,109868.81,0.0,0.0,0.0,0.0,0.0,-0.0042857142799243774,50835.57133333333
2024-06-15,PJT_C,384659.98,267614.58,335762.41,224416.4,0.0,43198.18,43198.18,0.0,6171.168571428578,58029.96333333334
2024-06-21,PJT_C,192527.96,402317.62,314541.53,360352.25,43198.18,85163.55,41965.37,43198.18,12166.221428571434,70016.76699999999
2024-06-26,PJT_C,0.0,17032.71,75379.04,77477.13,85163.55,24719.13,-60444.42,41965.37,3531.3042857142927,61521.38166666667
2024-07-01,PJT_C,283118.13,0.0,284810.83,22557.49,24719.13,2161.64,-22557.49,-60444.42,308.80571428572097,62273.297999999995
2024-07-11,PJT_C,149130.06,0.0,194017.94,1972.65,2161.64,188.99,-1972.65,-22557.49,26.99857142857809,62327.89833333333
2024-07-12,PJT_C,0.0,0.0,352623.11,171.61,188.99,17.38,-171.61,-1972.65,2.482857142863801,62330.687999999995
2024-07-15,PJT_C,0.0,570725.82,0.0,229614.65,17.38,341128.55,341111.17,-171.61,48732.65000000001,69984.24233333333
2024-07-17,PJT_C,0.0,68225.71,0.0,0.0,341128.55,409354.26,68225.71,341111.17,52308.01142857144,69984.16133333334
2024-08-03,PJT_C,0.0,81870.85,250597.0,170466.68,409354.26,320758.43,-88595.83,68225.71,33656.41142857144,75666.37899999999
2024-08-08,PJT_C,0.0,54627.63,345936.03,183629.87,320758.43,191756.19,-129002.24,-88595.83,23862.43714285715,71830.60833333334
2024-09-08,PJT_C,312347.15,21526.14,150832.54,179686.06,191756.19,33596.27,-158159.92,-129002.24,4490.6614285714295,74795.354
2024-10-12,PJT_C,277502.15,0.0,117607.01,31637.18,33596.27,1959.09,-31637.18,-158159.92,252.87142857143044,72394.28666666667
2022-05-13,PJT_D,0.0,0.0,0.0,4603.62,1049218.44,1044614.82,-4603.62,,-4603.62,4603.62
2022-08-01,PJT_D,0.0,0.0,231557.27,109693.82,1044614.82,934921.0,-109693.82,-4603.62,-57148.72,57148.72
2022-09-10,PJT_D,192538.14,112391.53,413637.84,349720.8,934921.0,697591.73,-237329.27,-109693.82,-117208.90333333332,154672.74666666667
2022-09-15,PJT_D,494711.64,97182.32,295410.72,479958.77,697591.73,314815.28,-382776.45,-237329.27,-183600.79,235994.2525
2022-09-30,PJT_D,354452.75,0.0,319090.69,287706.28,314815.28,27109.0,-287706.28,-382776.45,-204421.888,246336.658
2022-11-12,PJT_D,401421.31,343091.19,249541.31,360584.54,27109.0,9615.65,-17493.35,-287706.28,-173267.13166666668,265377.9716666667
2022-11-21,PJT_D,128439.08,0.0,498352.92,8832.74,9615.65,782.91,-8832.74,-17493.35,-149776.5042857143,228728.65285714288
2022-11-27,PJT_D,555577.22,0.0,150092.24,733.39,782.91,49.52,-733.39,-8832.74,-149223.61428571428,200229.245
2022-12-02,PJT_D,516263.79,0.0,417336.65,45.39,49.52,4.13,-45.39,-733.39,-133559.55285714284,177986.59444444446
2022-12-06,PJT_D,0.0,0.0,290414.74,3.83,4.13,0.3,-3.83,-45.39,-99655.91857142858,160188.318
2022-12-29,PJT_D,525908.45,373852.57,422839.13,252391.13,0.3,121461.74,121461.44,-3.83,-27621.93428571429,168570.39181818182
2023-01-09,PJT_D,297905.05,24292.35,136528.03,115257.2,121461.74,30496.89,-90964.85,121461.44,483.98428571428565,164127.62583333332
2023-01-24,PJT_D,100556.34,1098792.55,0.0,447581.24,30496.89,681708.2,651211.31,-90964.85,96013.22142857143,185931.75
2023-01-25,PJT_D,0.0,136341.64,0.0,0.0,681708.2,818049.84,136341.64,651211.31,116752.41857142858,172650.9107142857
2023-03-01,PJT_D,189776.55,374418.64,210312.07,229808.38,818049.84,962660.1,144610.26,136341.64,137515.79714285716,176461.40866666666
2023-03-03,PJT_D,161362.93,87417.87,67495.22,69427.76,962660.1,980650.21,17990.11,144610.26,140092.29714285716,169771.805625
2023-04-06,PJT_D,266410.81,92881.96,180344.39,216628.35,980650.21,856903.82,-123746.39,17990.11,122414.78857142858,172528.07294117648
2023-04-25,PJT_D,144913.04,0.0,0.0,51279.01,856903.82,805624.81,-51279.01,-123746.39,97737.58142857144,165792.01388888888
2023-05-04,PJT_D,0.0,40428.35,138120.93,149897.07,805624.81,696156.09,-109468.72,-51279.01,95094.17142857144,164955.43789473682
2023-05-10,PJT_D,0.0,94449.68,268158.95,344023.67,696156.09,446582.1,-249573.99,-109468.72,-33589.44285714285,173908.8495
2023-05-12,PJT_D,189856.31,68481.4,240676.89,422524.46,446582.1,92539.04,-354043.06,-249573.99,-103644.40000000001,185747.68809523812
2023-05-20,PJT_D,0.0,0.0,345092.1,84167.98,92539.04,8371.06,-84167.98,-354043.06,-136327.0057142857,181130.42863636365
2023-05-25,PJT_D,0.0,0.0,125318.67,7864.65,8371.06,506.41,-7864.65,-84167.98,-140020.54285714283,173597.13391304348
2023-06-16,PJT_D,0.0,0.0,0.0,480.72,506.41,25.69,-480.72,-7864.65,-122411.16142857143,166383.94999999998
2023-07-18,PJT_D,366424.5,0.0,165233.29,23.44,25.69,2.25,-23.44,-480.72,-115088.93714285713,159729.5296
2023-07-28,PJT_D,80743.49,0.0,0.0,2.03,2.25,0.22,-2.03,-23.44,-99450.83857142857,153586.16423076924
2023-08-06,PJT_D,0.0,0.0,244104.96,0.21,0.22,0.01,-0.21,-2.03,-63797.44142857142,147897.79555555555
2023-08-07,PJT_D,230099.12,0.0,213978.15,0.01,0.01,0.0,-0.01,-0.21,-13219.862857142856,142615.7317857143
2023-08-12,PJT_D,0.0,0.0,86034.89,0.0,0.0,0.0,0.0,-0.01,-1195.8657142857141,137697.9479310345
2023-08-16,PJT_D,85654.41,0.0,111659.24,0.0,0.0,0.0,0.0,0.0,-72.34428571428572,133108.01633333333
2023-08-22,PJT_D,138695.57,301678.64,127083.79,203517.02,0.0,98161.62,98161.62,0.0,14019.41857142857,139738.463
2023-08-24,PJT_D,105056.53,19632.32,0.0,0.0,98161.62,117793.94,19632.32,98161.62,16827.384285714284,136082.00233333334
2023-08-26,PJT_D,0.0,23558.79,322705.54,110494.65,117793.94,30858.08,-86935.86,19632.32,4408.265714285712,128107.79733333335
2023-08-27,PJT_D,0.0,0.0,197323.15,28094.18,30858.08,2763.9,-28094.18,-86935.86,394.84142857142643,113045.64433333333
2023-08-31,PJT_D,82253.73,0.0,85188.77,2499.59,2763.9,264.31,-2499.59,-28094.18,37.75857142856921,103538.75466666667
2023-09-03,PJT_D,148225.26,0.0,121126.65,241.39,264.31,22.92,-241.39,-2499.59,3.2742857142834914,91527.31633333332
2023-09-12,PJT_D,306868.57,0.0,295951.71,21.29,22.92,1.63,-21.29,-241.39,0.23285714285492073,91233.60133333334
2023-09-15,PJT_D,0.0,0.0,0.0,1.54,1.63,0.09,-1.54,-21.29,-14023.075714285715,91209.20633333334
2023-09-18,PJT_D,0.0,0.0,98343.55,0.08,0.09,0.01,-0.08,-1.54,-16827.704285714288,91207.696
2023-10-11,PJT_D,204894.58,188894.8,275211.83,188894.81,0.01,0.0,-0.01,-0.08,-4408.297142857143,97504.06199999999
2023-10-14,PJT_D,248049.25,145534.67,113365.22,137041.66,0.0,8493.01,8493.01,-0.01,818.4442857142864,93659.07966666667
2023-10-15,PJT_D,316457.75,119855.03,212216.93,125979.25,8493.01,2368.79,-6124.22,8493.01,300.6400000000006,94016.48133333333
2023-10-24,PJT_D,0.0,0.0,238240.92,2147.43,2368.79,221.36,-2147.43,-6124.22,28.348571428572022,79168.68766666666
2023-10-29,PJT_D,346151.88,0.0,0.0,207.88,221.36,13.48,-207.88,-2147.43,1.692857142857751,79175.61700000001
2023-10-31,PJT_D,377579.39,303028.1,0.0,121438.56,13.48,181603.02,181589.54,-207.88,25943.27571428572,75563.28966666666
2023-11-07,PJT_D,0.0,36320.6,174616.16,164045.82,181603.02,53877.8,-127725.22,181589.54,7696.827142857144,78717.225
2023-11-23,PJT_D,387908.13,9300.86,212747.39,50025.96,53877.8,13152.7,-40725.1,-127725.22,1878.9571428571455,73163.812
2023-11-27,PJT_D,0.0,0.0,122039.3,11840.06,13152.7,1312.64,-11840.06,-40725.1,-1025.7671428571396,71849.18033333334
2023-12-04,PJT_D,166034.21,0.0,354078.36,1200.91,1312.64,111.73,-1200.91,-11840.06,-322.4371428571395,66892.64166666666
2023-12-09,PJT_D,0.0,110606.47,124682.93,101385.1,111.73,9333.1,9221.37,-1200.91,1301.6771428571462,58804.68933333333
2023-12-18,PJT_D,381080.41,1866.62,179897.4,8414.63,9333.1,2785.09,-6548.01,9221.37,395.9442857142889,45001.028333333335
2023-12-24,PJT_D,95844.04,0.0,305443.67,2548.17,2785.09,236.92,-2548.17,-6548.01,-25909.442857142858,42280.368
2023-12-25,PJT_D,0.0,47.38,242333.53,221.24,236.92,63.06,-173.86,-2548.17,-7687.819999999999,42025.587666666666
2024-01-07,PJT_D,90029.65,12.61,0.0,0.0,63.06,75.67,12.61,-173.86,-1868.147142857142,42009.56366666666
2024-01-08,PJT_D,0.0,15.13,304504.6,68.61,75.67,22.19,-53.48,12.61,-184.34999999999914,42011.06933333333
2024-02-04,PJT_D,85094.49,94532.65,300674.75,94553.23,22.19,1.61,-20.58,-53.48,-15.731428571427687,45162.776
2024-02-11,PJT_D,117434.57,214256.1,235318.78,214257.61,1.61,0.1,-1.51,-20.58,-1333.2857142857135,52304.68933333333
2024-02-13,PJT_D,257340.05,0.0,335331.8,0.09,0.1,0.01,-0.09,-1.51,-397.8685714285706,52304.692
2024-02-23,PJT_D,0.0,87387.18,266874.92,87387.19,0.01,0.0,-0.01,-0.09,-33.845714285713434,55217.598333333335
2024-02-27,PJT_D,0.0,0.0,143433.65,0.0,0.0,0.0,0.0,-0.01,-9.008571428570574,55217.598333333335
2024-02-29,PJT_D,292490.57,0.0,206783.78,0.0,0.0,0.0,0.0,0.0,-10.809999999999146,48433.69766666667
2024-03-05,PJT_D,0.0,0.0,115069.23,0.0,0.0,0.0,0.0,0.0,-3.169999999999147,48433.69766666667
2024-03-09,PJT_D,246146.23,95248.86,0.0,40910.04,0.0,54338.82,54338.82,0.0,7762.458571428572,46114.210666666666
2024-03-16,PJT_D,0.0,55014.81,278260.93,95665.55,54338.82,13688.08,-40650.74,54338.82,1955.4257142857157,48366.58966666667
2024-03-21,PJT_D,0.0,2412.76,154043.21,12866.31,13688.08,3234.53,-10453.55,-40650.74,462.0742857142871,48712.147000000004
2024-03-22,PJT_D,0.0,0.0,201396.54,3054.69,3234.53,179.84,-3054.69,-10453.55,25.691428571429892,48805.92366666666
2024-03-24,PJT_D,397945.02,0.0,277436.09,170.6,179.84,9.24,-170.6,-3054.69,1.3200000000013046,48810.90066666666
2024-03-26,PJT_D,0.0,0.0,208044.0,8.43,9.24,0.81,-8.43,-170.6,0.11571428571558837,48811.13033333334
2024-03-31,PJT_D,0.0,0.0,197994.5,0.75,0.81,0.06,-0.75,-8.43,0.008571428572731299,48811.15266666667
2024-04-01,PJT_D,362370.94,0.0,159497.35,0.05,0.06,0.01,-0.05,-0.75,-7762.687142857141,42514.66066666666
2024-04-06,PJT_D,157140.59,217359.87,251601.79,217359.88,0.01,0.0,-0.01,-0.05,-1955.4399999999985,45191.93466666667
2024-04-19,PJT_D,0.0,0.0,154666.04,0.0,0.0,0.0,0.0,-0.01,-462.0757142857129,40992.62633333333
2024-04-21,PJT_D,378130.96,0.0,229722.61,0.0,0.0,0.0,0.0,0.0,-25.69142857142717,40921.04533333333
2024-05-15,PJT_D,95111.96,177309.68,166246.26,177309.68,0.0,0.0,0.0,0.0,-1.3199999999986003,46824.43866666666
2024-05-16,PJT_D,313347.5,138236.72,158324.17,138236.72,0.0,0.0,0.0,0.0,-0.11571428571288596,47384.37733333333
2024-05-28,PJT_D,0.0,479840.88,329853.83,384336.92,0.0,95503.96,95503.96,0.0,13643.414285714289,54727.414
2024-06-04,PJT_D,0.0,19100.79,242037.87,88566.77,95503.96,26037.98,-69465.98,95503.96,3719.710000000004,56012.107666666656
2024-07-04,PJT_D,202863.04,156805.08,349329.65,175671.04,26037.98,7172.02,-18865.96,-69465.98,1024.57428571429,61473.14033333333
2024-07-29,PJT_D,85668.43,0.0,66510.03,6561.62,7172.02,610.4,-6561.62,-18865.96,87.20000000000411,61651.83066666666
2024-08-06,PJT_D,196117.06,0.0,0.0,564.5,610.4,45.9,-564.5,-6561.62,6.557142857146898,58291.144
2024-08-11,PJT_D,0.0,0.0,162655.92,42.49,45.9,3.41,-42.49,-564.5,0.48714285714690575,58012.07266666667
2024-09-03,PJT_D,0.0,85096.15,154624.92,85099.38,3.41,0.18,-3.23,-42.49,0.02571428571833399,60763.77966666666
2024-09-14,PJT_D,165522.78,193870.99,0.0,79175.81,0.18,114695.36,114695.18,-3.23,2741.6285714285727,63395.598666666665
2024-09-17,PJT_D,295046.32,22939.07,0.0,0.0,114695.36,137634.43,22939.07,114695.18,15942.350000000002,63395.598666666665
2024-09-18,PJT_D,303316.61,27526.89,194250.07,124777.98,137634.43,40383.34,-97251.09,22939.07,4744.474285714286,67552.57766666666
2024-09-29,PJT_D,0.0,0.0,248827.11,36650.95,40383.34,3732.39,-36650.95,-97251.09,445.9985714285743,65622.50166666666
2024-09-30,PJT_D,373099.19,0.0,117807.33,3451.81,3732.39,280.58,-3451.81,-36650.95,33.52571428571673,58595.64166666667
2024-10-15,PJT_D,0.0,0.0,0.0,256.48,280.58,24.1,-256.48,-3451.81,2.95571428571673,58604.187999999995
2024-10-19,PJT_D,0.0,0.0,212506.65,22.12,24.1,1.98,-22.12,-256.48,0.2571428571453,55692.019
2024-11-30,PJT_D,0.0,555408.8,328774.28,414755.32,1.98,140655.46,140653.48,-22.12,3708.5857142857194,69517.19633333334
2022-02-02,PJT_E,0.0,0.0,170109.1,127915.76,509070.76,381155.0,-127915.76,,-127915.76,127915.76
2022-02-20,PJT_E,98116.82,0.0,113239.84,50869.12,381155.0,330285.88,-50869.12,-127915.76,-89392.44,89392.44
2022-06-02,PJT_E,80146.31,102092.99,0.0,60485.0,330285.88,371893.87,41607.99,-50869.12,-45725.630000000005,79756.62666666666
2022-06-20,PJT_E,219780.41,33571.8,42862.3,42541.21,371893.87,362924.46,-8969.41,41607.99,-36536.575,70452.77249999999
2022-07-23,PJT_E,0.0,62096.32,228591.99,164438.45,362924.46,260582.33,-102342.13,-8969.41,-49697.686,89249.90800000001
2022-07-31,PJT_E,218927.57,45192.45,198995.4,216049.13,260582.33,89725.65,-170856.68,-102342.13,-69890.85166666667,110383.11166666668
2022-08-23,PJT_E,84163.4,0.0,0.0,68553.03,89725.65,21172.62,-68553.03,-170856.68,-69699.7342857143,104407.3857142857
2022-08-24,PJT_E,62136.55,0.0,168383.53,19145.16,21172.62,2027.46,-19145.16,-68553.03,-54161.07714285714,93749.6075
2022-08-28,PJT_E,106588.68,0.0,168714.88,1864.18,2027.46,163.28,-1864.18,-19145.16,-47160.37142857142,83540.11555555556
2022-09-15,PJT_E,159180.59,0.0,99626.46,153.99,163.28,9.29,-153.99,-1864.18,-53126.36857142857,75201.503
2022-09-16,PJT_E,131002.09,0.0,186555.1,8.43,9.29,0.86,-8.43,-153.99,-51846.22857142857,68365.76909090909
2022-09-27,PJT_E,174168.18,0.0,154436.8,0.81,0.86,0.05,-0.81,-8.43,-37226.04,62668.68916666667
2022-09-28,PJT_E,85243.94,0.0,53489.98,0.05,0.05,0.0,-0.05,-0.81,-12817.949999999999,57848.024615384624
2022-11-25,PJT_E,0.0,553559.8,217864.69,355772.96,0.0,197786.84,197786.84,-0.05,25230.602857142858,79128.37714285715
2022-12-11,PJT_E,126202.08,251816.79,0.0,21914.91,197786.84,427688.72,229901.88,197786.84,60808.75142857143,75314.146
2022-12-20,PJT_E,191483.14,85537.74,97434.86,70837.51,427688.72,442388.95,14700.23,229901.88,63175.095714285715,75034.35625
2023-01-14,PJT_E,116525.39,88477.79,102844.61,413000.96,442388.95,117865.78,-324523.17,14700.23,16836.641428571427,94914.74470588236
2023-01-22,PJT_E,0.0,0.0,128903.61,107312.04,117865.78,10553.74,-107312.04,-324523.17,1507.5542857142864,95603.48333333334
2023-01-30,PJT_E,57861.75,0.0,102238.37,9627.18,10553.74,926.56,-9627.18,-107312.04,132.35857142857276,91078.41473684211
2023-02-07,PJT_E,0.0,0.0,71112.48,844.89,926.56,81.67,-844.89,-9627.18,11.667142857144215,86566.7385
2023-02-13,PJT_E,188320.67,0.0,86939.9,77.3,81.67,4.37,-77.3,-844.89,-28254.638571428568,82448.19380952381
2023-02-14,PJT_E,0.0,0.0,0.0,4.13,4.37,0.24,-4.13,-77.3,-61098.35428571428,78700.73636363636
2023-02-15,PJT_E,144988.65,0.0,72268.75,0.22,0.24,0.02,-0.22,-4.13,-63198.41857142857,75278.9747826087
2023-03-02,PJT_E,48553.39,0.0,87409.38,0.02,0.02,0.0,-0.02,-0.22,-16837.96857142857,72142.35166666667
2023-03-07,PJT_E,51582.3,0.0,136634.15,0.0,0.0,0.0,0.0,-0.02,-1507.6771428571417,69256.65759999999
2023-03-11,PJT_E,0.0,117504.48,0.0,48209.49,0.0,69294.99,69294.99,0.0,9766.918571428572,68447.15115384615
2023-03-18,PJT_E,0.0,13859.0,0.0,0.0,69294.99,83153.99,13859.0,69294.99,11867.474285714286,65912.07148148149
2023-04-01,PJT_E,132330.25,105372.38,138168.41,94875.38,83153.99,93650.99,10497.0,13859.0,13378.088571428572,66946.47535714286
2023-04-27,PJT_E,168773.25,112441.25,135863.86,117279.65,93650.99,88812.59,-4838.4,10497.0,12687.478571428574,68682.10206896551
2023-05-01,PJT_E,150404.13,0.0,0.0,2515.65,88812.59,86296.94,-2515.65,-4838.4,12328.131428571429,66476.55366666667
2023-05-15,PJT_E,0.0,12532.11,32324.74,35268.55,86296.94,63560.5,-22736.44,-2515.65,9080.07142857143,63388.31333333333
2023-05-16,PJT_E,184406.74,12712.1,158812.8,60315.55,63560.5,15957.05,-47603.45,-22736.44,2279.578571428573,63703.19433333333
2023-05-22,PJT_E,0.0,0.0,31412.98,14574.61,15957.05,1382.44,-14574.61,-47603.45,-9701.792857142855,62172.848000000005
2023-05-25,PJT_E,0.0,0.0,0.0,1281.92,1382.44,100.52,-1281.92,-14574.61,-11864.781428571428,60797.53833333333
2023-05-30,PJT_E,178074.25,0.0,32698.22,90.48,100.52,10.04,-90.48,-1281.92,-13377.278571428571,55319.272666666664
2023-05-31,PJT_E,0.0,0.0,97135.49,9.14,10.04,0.9,-9.14,-90.48,-12687.384285714286,48117.93966666667
2023-06-01,PJT_E,182054.07,0.0,113386.8,0.84,0.9,0.06,-0.84,-9.14,-12328.125714285712,45832.86666666667
2023-06-06,PJT_E,0.0,0.0,80672.56,0.06,0.06,0.0,-0.06,-0.84,-9080.07142857143,45194.69666666666
2023-06-07,PJT_E,43111.4,0.0,91023.4,0.0,0.0,0.0,0.0,-0.06,-2279.5785714285716,45132.55733333333
2023-06-08,PJT_E,199135.07,0.0,143400.64,0.0,0.0,0.0,0.0,0.0,-197.49142857142857,45127.424333333336
2023-06-11,PJT_E,0.0,0.0,71314.49,0.0,0.0,0.0,0.0,0.0,-14.360000000000001,45127.14333333333
2023-06-17,PJT_E,195110.64,0.0,133260.19,0.0,0.0,0.0,0.0,0.0,-1.4342857142857144,45127.11633333333
2023-07-19,PJT_E,152161.8,334754.77,167663.8,256004.84,0.0,78749.93,78749.93,0.0,11249.861428571428,53660.609333333334
2023-08-17,PJT_E,47424.46,497539.98,49805.28,197003.47,78749.93,379286.44,300536.51,78749.93,54183.76857142857,48368.293
2023-08-19,PJT_E,169238.29,75857.29,45142.15,46316.05,379286.44,408827.68,29541.24,300536.51,58403.95428571429,49181.66433333334
2023-08-22,PJT_E,197031.62,69461.51,101699.93,81436.49,408827.68,396852.7,-11974.98,29541.24,56693.24285714286,49534.96366666667
2023-09-25,PJT_E,0.0,48900.15,143613.77,134037.96,396852.7,311714.89,-85137.81,-11974.98,44530.69857142858,40236.19700000001
2023-10-21,PJT_E,114480.91,34692.12,140146.5,171463.07,311714.89,174943.94,-136770.95,-85137.81,24991.99142857143,42374.56466666667
2023-10-31,PJT_E,118511.1,7872.67,171532.97,155961.47,174943.94,26855.14,-148088.8,-136770.95,3836.4485714285734,47252.37433333333
2023-11-18,PJT_E,56186.21,0.0,112295.15,25373.39,26855.14,1481.75,-25373.39,-148088.8,-11038.311428571425,48069.991
2023-12-12,PJT_E,177355.24,0.0,114237.65,1335.95,1481.75,145.8,-1335.95,-25373.39,-54162.94857142858,48111.945999999996
2023-12-17,PJT_E,151341.05,0.0,143052.08,135.83,145.8,9.97,-135.83,-1335.95,-58402.530000000006,48116.336
2023-12-18,PJT_E,125659.34,0.0,154981.45,9.44,9.97,0.53,-9.44,-135.83,-56693.16714285714,48116.64333333333
2024-01-08,PJT_E,0.0,0.0,78866.93,0.5,0.53,0.03,-0.5,-9.44,-44530.694285714286,48116.65933333334
2024-01-09,PJT_E,47770.04,53914.43,0.0,21859.18,0.03,32055.28,32055.25,-0.5,-20412.665714285715,48845.29866666668
2024-01-11,PJT_E,56730.06,6411.06,0.0,0.0,32055.28,38466.34,6411.06,32055.25,1658.7428571428552,47238.31566666668
2024-02-07,PJT_E,0.0,278562.09,174933.86,223948.79,38466.34,93079.64,54613.3,6411.06,13085.412857142856,54703.27533333334
2024-02-27,PJT_E,0.0,109283.22,30809.78,35897.65,93079.64,166465.21,73385.57,54613.3,23759.91571428571,52737.351
2024-03-17,PJT_E,137231.34,29134.18,0.0,0.0,166465.21,195599.39,29134.18,73385.57,27941.345714285715,48828.02933333334
2024-03-21,PJT_E,0.0,0.0,44678.55,61360.12,195599.39,134239.27,-61360.12,29134.18,19176.962857142855,50789.511666666665
2024-04-25,PJT_E,198843.36,0.0,0.0,10220.27,134239.27,124019.0,-10220.27,-61360.12,17716.995714285713,49954.569
2024-05-12,PJT_E,60509.62,24803.8,146599.88,112782.41,124019.0,36040.39,-87978.61,-10220.27,569.3014285714265,51703.46433333334
2024-07-02,PJT_E,0.0,58902.98,88512.91,92824.05,36040.39,2119.32,-33921.07,-87978.61,-5192.43142857143,54311.779
2022-03-23,PJT_F,64131.93,3860.29,0.0,0.0,501441.5,505301.79,3860.29,,3860.29,0.0
2022-05-13,PJT_F,144235.2,28336.08,50055.93,66271.89,505301.79,467365.98,-37935.81,3860.29,-17037.76,33135.945
2022-05-15,PJT_F,177131.93,74269.37,203652.18,223516.11,467365.98,318119.24,-149246.74,-37935.81,-61107.41999999999,96596.0
2022-05-24,PJT_F,198264.17,0.0,0.0,59674.03,318119.24,258445.21,-59674.03,-149246.74,-60749.072499999995,87365.5075
2022-05-26,PJT_F,68181.64,32767.04,198917.18,142958.55,258445.21,148253.7,-110191.51,-59674.03,-70637.56,98484.116
2022-06-22,PJT_F,0.0,12271.63,166526.8,140304.65,148253.7,20220.68,-128033.02,-110191.51,-80203.46999999999,105454.205
2022-07-31,PJT_F,104608.07,0.0,48521.94,18512.5,20220.68,1708.18,-18512.5,-128033.02,-71390.47428571428,93033.96142857142
2022-08-10,PJT_F,122363.61,0.0,135927.32,1550.96,1708.18,157.22,-1550.96,-18512.5,-72163.51,81598.58625
2022-08-14,PJT_F,198050.58,0.0,0.0,142.04,157.22,15.18,-142.04,-1550.96,-66764.4,72547.85888888889
2022-08-19,PJT_F,77599.42,0.0,0.0,14.01,15.18,1.17,-14.01,-142.04,-45445.438571428575,65294.474
2022-08-29,PJT_F,65213.8,0.0,105258.57,1.1,1.17,0.07,-1.1,-14.01,-36920.73428571429,59358.71272727272
2022-09-14,PJT_F,181014.58,0.0,131324.86,0.06,0.07,0.01,-0.06,-1.1,-21179.098571428574,54412.15833333333
2022-10-06,PJT_F,0.0,311576.12,137655.36,311576.13,0.01,0.0,-0.01,-0.06,-2888.6685714285713,74194.00230769231
2022-11-02,PJT_F,164954.7,306956.66,67840.95,171288.39,0.0,135668.27,135668.27,-0.01,19137.155714285713,81129.31571428571
2022-11-04,PJT_F,60812.71,98761.54,0.0,0.0,135668.27,234429.81,98761.54,135668.27,33467.51285714285,75720.69466666666
2022-11-30,PJT_F,131311.49,46885.96,136844.19,161174.83,234429.81,120140.94,-114288.87,98761.54,17160.822857142855,81061.578125
2022-12-30,PJT_F,90510.62,13351.68,122444.57,93702.11,120140.94,39790.51,-80350.43,-114288.87,5684.191428571428,81805.1388235294
2023-01-07,PJT_F,171317.73,0.0,154824.37,37667.21,39790.51,2123.3,-37667.21,-80350.43,303.3185714285719,79353.03166666668
2023-01-16,PJT_F,0.0,0.0,104348.09,1943.03,2123.3,180.27,-1943.03,-37667.21,25.75142857142896,75278.82105263157
2023-01-30,PJT_F,48853.18,0.0,0.0,170.03,180.27,10.24,-170.03,-1943.03,1.4628571428575259,71523.38149999999
2023-02-01,PJT_F,97254.59,0.0,128066.69,9.63,10.24,0.61,-9.63,-170.03,-19381.094285714287,68117.96476190476
2023-02-11,PJT_F,127939.57,0.0,0.0,0.58,0.61,0.03,-0.58,-9.63,-33489.96857142857,65021.72
2023-03-01,PJT_F,64079.28,0.0,103592.04,0.03,0.03,0.0,-0.03,-0.58,-17162.99142857143,62194.689999999995
2023-03-29,PJT_F,0.0,297345.75,56767.6,158957.6,0.0,138388.15,138388.15,-0.03,14085.37714285714,66226.47791666667
2023-04-01,PJT_F,171488.23,139901.63,0.0,806.58,138388.15,277483.2,139095.05,138388.15,39337.12857142857,63609.682
2023-04-02,PJT_F,62538.98,55496.64,0.0,0.0,277483.2,332979.84,55496.64,139095.05,47542.79571428571,61163.15576923077
2023-04-12,PJT_F,0.0,62538.98,120452.08,181732.35,332979.84,213786.47,-119193.37,55496.64,30539.461428571427,65628.68148148147
2023-04-16,PJT_F,180620.98,42757.29,119745.91,201490.43,213786.47,55053.33,-158733.14,-119193.37,7864.674285714282,70480.88678571429
2023-05-18,PJT_F,0.0,0.0,54245.65,49836.75,55053.33,5216.58,-49836.75,-158733.14,745.2214285714248,69769.02
2023-06-01,PJT_F,0.0,0.0,136377.11,4715.34,5216.58,501.24,-4715.34,-49836.75,71.605714285711,67600.564
2023-06-06,PJT_F,165120.29,0.0,97989.27,470.67,501.24,30.57,-470.67,-4715.34,-19765.368571428575,67616.253
2023-06-16,PJT_F,90374.58,0.0,98299.31,28.69,30.57,1.88,-28.69,-470.67,-39640.188571428575,65408.14633333334
2023-06-25,PJT_F,187611.58,0.0,84558.83,1.72,1.88,0.16,-1.72,-28.69,-47568.525714285715,57957.666666666664
2023-07-06,PJT_F,0.0,0.0,125503.94,0.15,0.16,0.01,-0.15,-1.72,-30540.92285714286,55968.53733333333
2023-07-15,PJT_F,0.0,0.0,156271.31,0.01,0.01,0.0,-0.01,-0.15,-7864.761428571428,51203.25266666666
2023-07-18,PJT_F,123909.82,135438.24,70707.21,91827.39,0.0,43610.85,43610.85,-0.01,5484.895714285715,49587.344000000005
2023-07-21,PJT_F,46556.52,8722.17,136128.42,39293.96,43610.85,13039.06,-30571.79,43610.85,1791.1171428571429,50280.05933333333
2023-07-31,PJT_F,77517.44,2475.37,68567.78,12127.87,13039.06,3386.56,-9652.5,-30571.79,479.42714285714334,50632.623
2023-08-10,PJT_F,106375.5,0.0,0.0,3120.6,3386.56,265.96,-3120.6,-9652.5,37.725714285714794,50731.90833333333
2023-08-26,PJT_F,0.0,47816.3,172590.96,48065.64,265.96,16.62,-249.34,-3120.6,2.351428571429068,52333.62933333333
2023-09-01,PJT_F,0.0,3.32,58657.78,15.3,16.62,4.64,-11.98,-249.34,0.6614285714290646,52334.10266666666
2023-09-23,PJT_F,47586.5,77422.87,104942.76,72343.0,4.64,5084.51,5079.87,-11.98,726.3585714285718,54745.534
2023-09-24,PJT_F,67473.6,1016.9,73498.11,4644.42,5084.51,1456.99,-3627.52,5079.87,-6021.979999999999,44514.47699999999
2023-09-26,PJT_F,60309.77,83.96,175635.71,1363.5,1456.99,177.45,-1279.54,-3627.52,-1837.3728571428564,38850.314
2023-11-13,PJT_F,0.0,110958.92,110133.06,107466.1,177.45,3670.27,3492.82,-1279.54,40.530000000000655,42432.51733333334
2023-12-07,PJT_F,104367.15,734.05,174417.72,3356.09,3670.27,1048.23,-2622.04,3492.82,111.75285714285779,37171.89266666667
2023-12-23,PJT_F,48362.99,0.0,152405.03,976.1,1048.23,72.13,-976.1,-2622.04,7.930000000000632,34081.02566666667
2023-12-31,PJT_F,77761.27,0.0,36048.79,66.22,72.13,5.91,-66.22,-976.1,0.18142857142921645,32827.65933333334
2024-01-30,PJT_F,179742.63,45847.12,73437.41,45852.58,5.91,0.45,-5.46,-66.22,-726.2942857142851,34291.311
2024-02-11,PJT_F,0.0,0.0,49055.04,0.42,0.45,0.03,-0.42,-5.46,-208.13714285714227,34285.65733333333
2024-02-13,PJT_F,0.0,0.0,105982.5,0.03,0.03,0.0,-0.03,-0.42,-25.349999999999408,34285.33733333334
2024-02-29,PJT_F,0.0,263169.5,60449.03,154340.93,0.0,108828.57,108828.57,-0.03,15022.614285714288,39430.015666666666
2024-03-21,PJT_F,0.0,0.0,148905.51,102859.77,108828.57,5968.8,-102859.77,108828.57,702.9385714285725,42858.67366666666
2024-03-28,PJT_F,105879.63,0.0,118630.79,5468.21,5968.8,500.59,-5468.21,-102859.77,61.208571428573386,37742.36066666666
2024-05-07,PJT_F,196964.72,0.0,57518.68,454.04,500.59,46.55,-454.04,-5468.21,5.805714285716192,37730.609333333334
2024-05-11,PJT_F,57273.99,0.0,93366.87,42.6,46.55,3.95,-42.6,-454.04,0.5000000000019023,37732.02933333334
2024-06-04,PJT_F,42873.26,108944.47,34250.62,75555.62,3.95,33392.8,33388.85,-42.6,4770.395714285716,34192.805
2024-06-24,PJT_F,72181.85,293049.38,49639.69,138120.2,33392.8,188321.98,154929.18,33388.85,26903.140000000003,32080.464
2024-07-03,PJT_F,0.0,37664.4,165464.63,107433.45,188321.98,118552.93,-69769.05,154929.18,1389.1942857142858,34000.354
2024-07-08,PJT_F,0.0,0.0,147871.27,108953.43,118552.93,9599.5,-108953.43,-69769.05,518.6714285714303,37474.957
