date,project_id,expected_inflow,actual_inflow,expected_outflow,actual_outflow,opening_cash,closing_cash,net_cash_flow,accounts_receivable,accounts_payable,cogs,current_liabilities,net_cash_flow_lag1,rolling_net_7,rolling_outflow_30,days_sales_uncollected,days_payables_outstanding,ocf_ratio
2022-02-28,PJT_A,895265.85,0.0,1499375.79,1473503.12,2514901.42,1041398.3,-1473503.12,895265.85,25872.67,1499375.79,34574.11,,-1473503.12,1473503.12,90.0,0.5176688227038799,-42.61868548460105
2022-05-08,PJT_A,780899.69,0.0,1142643.92,974548.1,1041398.3,66850.2,-974548.1,1676165.54,193968.49,1142643.92,247602.35,-1473503.12,-1224025.61,1224025.61,90.0,1.2481426188906062,-6.907366404695841
2022-08-25,PJT_A,0.0,1520979.6400000001,1187295.22,1135386.11,66850.2,452443.73,385593.53,155185.9,245877.6,1187295.22,294199.71,-974548.1,-687485.8966666666,1194479.11,17.92671787506636,1.2161934145228428,2.0069889253055
2023-03-23,PJT_A,868384.19,0.0,483095.78,307591.29,452443.73,144852.44,-307591.29,1023570.09,421382.09,483095.78,568432.47,385593.53,-592512.245,972757.155,18.492295761434384,1.542816030850642,-1.0747343416276103
2023-04-03,PJT_A,882046.23,0.0,830207.11,132316.78,144852.44,12535.66,-132316.78,1905616.32,1119272.42,830207.11,1421279.11,-307591.29,-500473.15200000006,804669.08,22.3111613775448,2.340877747745991,-0.25781811241645963
2023-05-21,PJT_A,0.0,792059.72,0.0,0.0,12535.66,804595.38,792059.72,1113556.6,1119272.42,0.0,1328085.5,-132316.78,-285051.00666666665,670557.5666666667,14.633041739505895,3.038963616783018,1.2203767051196297
2023-06-05,PJT_A,0.0,883083.18,829549.41,1457929.51,804595.38,229749.05,-574846.33,230473.42,490892.32,829549.41,568615.97,792059.72,-326450.3385714286,783039.2728571428,9.386150560869476,2.5952804095014788,-0.9016612955787322
2023-06-10,PJT_A,473442.96,0.0,577987.22,213258.72,229749.05,16490.33,-213258.72,703916.38,855620.82,577987.22,1097420.52,-574846.33,-146415.42428571425,711816.70375,9.038784500108685,2.5603359036060596,-0.30683550437433676
2023-06-14,PJT_A,0.0,0.0,505050.66,15080.3,16490.33,1410.03,-15080.3,703916.38,1345591.18,505050.66,1704112.85,-213258.72,-9348.595714285702,634401.5477777778,8.768610897294737,2.7486798372235177,-0.01868346267920902
2023-07-06,PJT_A,516164.74,0.0,0.0,1314.5,1410.03,95.53,-1314.5,1220081.12,1344276.68,0.0,1753767.3,-15080.3,-64621.17142857142,571092.843,9.036963520178423,3.045422455478406,-0.0014576257456222804
2023-07-09,PJT_A,868326.26,0.0,753564.84,86.67,95.53,8.86,-86.67,2088407.38,2097754.85,753564.84,2431741.23,-1314.5,-20691.939999999995,519183.190909091,9.997473358907744,3.234049641140402,-8.326498356248244e-05
2023-08-05,PJT_A,362862.7,463869.57,461957.93,350423.11,8.86,113455.32,113446.46,1987400.51,2209289.67,461957.93,2876083.75,-86.67,14417.09428571429,505119.85083333333,9.360372289163212,3.4667659776759576,0.09502761480530841
2023-08-16,PJT_A,0.0,0.0,243843.94,107225.29,113455.32,6230.03,-107225.29,1987400.51,2345908.32,243843.94,3096820.26,113446.46,-114052.19285714286,474512.57692307694,9.89343620785523,3.7442542815156727,-0.08000631127082973
2023-09-08,PJT_A,953017.96,482099.16,292361.48,289267.15,6230.03,199062.04,192832.01,2458319.31,2349002.65,292361.48,2974863.04,-107225.29,-4383.858571428565,461280.7607142857,9.389291954378951,3.9329359598338924,0.1323512757482662
2023-09-24,PJT_A,794259.98,1247125.4,303018.5,187536.99,199062.04,1258650.45,1059588.41,2005453.89,2464484.16,303018.5,3156508.4,192832.01,177451.44571428568,443031.17600000004,7.47965073001973,4.089695916942174,0.6747794106630808
2023-10-04,PJT_A,628020.4,0.0,525060.09,462128.39,1258650.45,796522.06,-462128.39,2633474.29,2527415.86,525060.09,3303381.92,1059588.41,113587.43285714285,444224.751875,7.928402986950236,4.116993271816294,-0.2753069872022125
2023-10-05,PJT_A,575620.43,0.0,307522.01,382782.18,796522.06,413739.88,-382782.18,3209094.72,2452155.69,307522.01,2825615.31,-462128.39,59092.04999999999,440610.48294117645,8.512848505768202,4.190203800591931,-0.2192256276110856
2023-10-11,PJT_A,898108.64,0.0,0.0,0.0,413739.88,413739.88,0.0,4107203.36,2452155.69,0.0,2925941.65,-382782.18,59104.431428571406,416132.1227777778,9.310104298206541,4.368469487105964,0.0
2023-11-21,PJT_A,282942.86,1519257.27,439965.13,304514.3,413739.88,1628482.85,1214742.97,2870888.95,2587606.52,439965.13,3177971.61,0.0,216432.50428571427,410257.50052631577,7.5366002009136235,4.356693744757073,0.6449298747449168
2023-12-15,PJT_A,449757.09,2041804.83,699752.71,441712.39,1628482.85,3228575.29,1600092.44,1278841.21,2845646.84,699752.71,3657296.69,1214742.97,460335.0371428571,411830.245,5.7407538821274064,4.262686998842709,0.8113171648220144
2023-12-22,PJT_A,979398.12,0.0,566015.78,672184.34,3228575.29,2556390.95,-672184.34,2258239.33,2739478.28,566015.78,3377134.29,1600092.44,336761.2728571428,424228.05904761906,5.827826627891406,4.198407943648798,-0.3296448809207527
2024-01-06,PJT_A,478005.67,0.0,818919.83,562717.92,2556390.95,1993673.03,-562717.92,2736245.0,2995680.19,818919.83,3628398.68,-672184.34,105003.2257142857,430523.05272727273,5.979811112124114,4.071991434743736,-0.2665195929412962
2024-02-19,PJT_A,882385.6,772704.59,792370.05,963552.53,1993673.03,1802825.09,-190847.94,2845926.01,2824497.71,792370.05,3719900.74,-562717.92,143757.5757142857,453698.24739130435,5.647037832008904,3.9400393547531753,-0.0874930180483711
2024-03-04,PJT_A,473140.22,1294570.06,856149.68,736360.92,1802825.09,2361034.23,558209.14,2024496.17,2944286.47,856149.68,3847714.97,-190847.94,278184.90714285715,465475.85874999996,5.005550751393589,3.807583756371062,0.24801274916164182
2024-03-22,PJT_A,0.0,0.0,711120.62,432480.6,2361034.23,1928553.63,-432480.6,2024496.17,3222926.49,711120.62,3979378.22,558209.14,216401.9642857143,464156.0484,5.02583097908864,3.740812290952838,-0.18642420653994707
2024-03-26,PJT_A,0.0,922823.0,268727.93,274149.96,1928553.63,2577226.67,648673.04,1101673.17,3217504.46,268727.93,3800539.31,-432480.6,135534.83142857143,456848.1219230769,4.565502336019448,3.7788366644318994,0.2729160856158731
2024-04-06,PJT_A,745082.41,0.0,0.0,0.0,2577226.67,2577226.67,0.0,1846755.58,3217504.46,0.0,4319346.23,648673.04,-93049.80285714286,439927.8211111111,4.568259402030178,3.87570475050256,0.0
2024-04-17,PJT_A,286091.35,501362.34,826187.25,895986.38,2577226.67,2182602.63,-394624.04,1631484.59,3147705.33,826187.25,3972029.82,0.0,-53398.33142857143,456215.6267857143,4.368091900329486,3.7551768998204764,-0.15764972513456368
2024-04-25,PJT_A,0.0,0.0,574064.98,186071.66,2182602.63,1996530.97,-186071.66,1631484.59,3535698.65,574064.98,4378787.6,-394624.04,408.27714285714734,446900.31758620695,4.353119714816985,3.721241940331127,-0.07246214764730576
2024-05-04,PJT_A,0.0,0.0,196414.28,247734.12,1996530.97,1748796.85,-247734.12,1631484.59,3484378.81,196414.28,4380120.57,-186071.66,-7718.319999999994,440261.44433333335,4.339145675005316,3.7636156087004964,-0.09425800595733005
2024-05-14,PJT_A,0.0,760056.53,403149.35,394166.87,1748796.85,2114686.51,365889.66,871428.06,3493361.29,403149.35,4578295.35,-247734.12,-35192.531428571434,404283.5693333334,4.087525821649065,4.250488246159236,0.1316285818339148
2024-06-07,PJT_A,0.0,308253.79,519449.25,507075.27,2114686.51,1915865.03,-198821.48,563174.27,3505735.27,519449.25,4475710.34,365889.66,-1812.657142857152,388701.14166666666,3.911879783489284,4.6485866639476745,-0.06807439951848952
2024-06-09,PJT_A,490202.88,0.0,750154.76,781499.83,1915865.03,1134365.2,-781499.83,1053377.15,3474390.2,750154.76,4595234.76,-198821.48,-206123.06714285718,376904.93233333336,4.4830734686277705,5.010496457265581,-0.2550572248962025
2024-06-10,PJT_A,0.0,0.0,895811.45,866195.24,1134365.2,268169.96,-866195.24,1053377.15,3504006.41,895811.45,4453929.41,-781499.83,-329865.2442857143,395525.0640000001,4.4855596549118,5.078377670670672,-0.27123405956469204
2024-06-12,PJT_A,0.0,0.0,843215.3,251360.59,268169.96,16809.37,-251360.59,1053377.15,4095861.12,843215.3,5072614.66,-866195.24,-309399.03714285715,399493.191,4.414474974464741,5.272913691851443,-0.07581960377765282
2024-06-15,PJT_A,439026.3,0.0,219074.07,15426.88,16809.37,1382.49,-15426.88,1492403.45,4299508.31,219074.07,5645492.03,-251360.59,-285021.21142857143,400007.4203333333,4.760582976434176,5.406313959489433,-0.004459719941932843
2024-06-25,PJT_A,405394.8,0.0,0.0,0.0,1382.49,1382.49,0.0,1897798.25,4299508.31,0.0,5023975.84,-15426.88,-249630.62285714288,351409.76999999996,5.329843922855786,5.984216062649449,0.0
2024-07-04,PJT_A,722359.73,0.0,0.0,0.0,1382.49,1382.49,0.0,2620157.98,4299508.31,0.0,5008616.27,0.0,-301900.5742857143,344301.14599999995,5.515635589353344,6.485394241185803,0.0
2024-07-10,PJT_A,0.0,0.0,584798.37,1275.31,1382.49,107.18,-1275.31,2620157.98,4883031.37,584798.37,5953025.61,0.0,-273679.6928571428,343840.9796666667,5.701427255850903,6.703420437030304,-0.0003287157184389608
2024-07-11,PJT_A,248883.73,0.0,229752.97,101.41,107.18,5.77,-101.41,2869041.71,5112682.93,229752.97,6887607.38,-1275.31,-162051.34714285718,343800.54333333333,5.861304348595835,6.861651415224719,-2.503454543033985e-05
2024-07-17,PJT_A,0.0,0.0,614976.42,5.43,5.77,0.34,-5.43,2869041.71,5727653.92,614976.42,7386609.8,-101.41,-38309.94571428573,343797.83533333335,5.936991753094258,7.190172570562555,-1.2879614123212453e-06
2024-07-27,PJT_A,515308.84,1226191.2,168082.65,106186.79,0.34,1120004.75,1120004.41,2158159.35,5789549.78,168082.65,6792831.2,-5.43,157599.34,335656.62466666667,5.543795580195997,7.607263504680823,0.2576782391730175
2024-07-29,PJT_A,0.0,819071.44,484039.89,470605.5,1120004.75,1468470.69,348465.94,1339087.91,5802984.17,484039.89,7155224.49,1120004.41,209584.02857142853,347769.2983333334,5.107567097139981,7.724601431367777,0.07775128089238172
2024-07-31,PJT_A,0.0,0.0,430356.08,490978.18,1468470.69,977492.51,-490978.18,1339087.91,5742362.07,430356.08,7321890.59,348465.94,139444.28857142854,354492.99933333334,5.2252483785152855,7.890511136843184,-0.10611834402429457
2024-08-01,PJT_A,883844.62,0.0,0.0,0.0,977492.51,977492.51,0.0,2222932.53,5742362.07,0.0,7618466.1,-490978.18,139444.28857142857,348241.76633333333,5.887648108306836,8.303538072631424,0.0
2024-08-03,PJT_A,616359.52,0.0,0.0,0.0,977492.51,977492.51,0.0,2839292.05,5742362.07,0.0,7497011.14,0.0,139626.47571428568,332837.4866666667,5.907893616438299,8.877383680489514,0.0
2024-08-13,PJT_A,592326.82,0.0,188231.16,128871.57,977492.51,848620.94,-128871.57,3431618.87,5801721.66,188231.16,7353910.81,0.0,121230.73857142856,324373.79966666666,5.929782468441507,9.21440919643755,-0.025437687556692075
2024-08-17,PJT_A,704573.96,0.0,609206.82,517115.76,848620.94,331505.18,-517115.76,4136192.83,5893812.72,609206.82,7640222.65,-128871.57,47357.83428571427,341610.99166666664,5.932634052049317,9.055765953778373,-0.09900155310955405
2024-08-19,PJT_A,0.0,0.0,194382.8,295348.97,331505.18,36156.21,-295348.97,4136192.83,5792846.55,194382.8,7394919.22,-517115.76,-154835.5057142857,341305.48066666664,7.121334656286335,9.459590173218864,-0.05506261759520038
2024-08-20,PJT_A,483501.75,0.0,591765.07,34117.78,36156.21,2038.43,-34117.78,4619694.58,6350493.84,591765.07,7612720.46,-295348.97,-209490.32285714286,327718.9936666667,9.828547323143935,9.798989119926883,-0.006208061525332915
2024-08-22,PJT_A,0.0,0.0,674504.6,1929.46,2038.43,108.97,-1929.46,4619694.58,7023068.98,674504.6,8540839.87,-34117.78,-139626.22,305377.1643333333,10.186070937011754,10.038522964329648,-0.00034042212512421443
2024-08-30,PJT_A,300300.28,860910.1199999999,341807.78,383210.99,108.97,477808.1,477699.13,4059084.74,6981665.77,341807.78,8486104.38,-1929.46,-71383.48714285715,299393.6,9.18868162625837,10.715236839851055,0.08194134801767414
2024-09-02,PJT_A,778457.31,0.0,686174.65,434051.85,477808.1,43756.25,-434051.85,4837542.05,7233788.57,686174.65,8840232.88,477699.13,-133390.89428571428,281743.5773333333,10.54703043391336,11.146536251064873,-0.07233658915514225
2024-09-04,PJT_A,466224.7,0.0,680261.47,40926.24,43756.25,2830.01,-40926.24,5303766.75,7873123.8,680261.47,10449074.48,-434051.85,-120827.2757142857,258562.42133333333,13.683570610917425,11.68961832177218,-0.006579260881231937
2024-09-15,PJT_A,450613.18,1154788.92,169177.35,186469.35,2830.01,971149.58,968319.57,4599591.01,7855831.8,169177.35,10272238.74,-40926.24,91377.77142857142,250362.04633333336,11.665316702893193,12.592798987154453,0.15058807319446338
2024-09-19,PJT_A,0.0,622256.87,197763.58,233275.71,971149.58,1360130.74,388981.16,3977334.14,7820319.67,197763.58,9270405.8,968319.57,189139.2185714286,248999.57133333336,12.685942178738145,13.048074808414304,0.058824390254222245
2024-09-22,PJT_A,0.0,834230.63,618734.81,401753.37,1360130.74,1792608.0,432477.26,3143103.51,8037301.11,618734.81,10624797.01,388981.16,255795.65285714288,262391.3503333333,11.375586040439796,12.791722768749317,0.06338739245638483
2024-09-27,PJT_A,575031.9,0.0,378181.4,398916.11,1792608.0,1393691.89,-398916.11,3718135.41,8016566.4,378181.4,9442307.68,432477.26,199083.2742857143,245822.34133333332,12.558432340263865,13.65745565525082,-0.05694646726805245
2024-09-29,PJT_A,0.0,0.0,671390.6,832309.4,1393691.89,561382.49,-832309.4,3718135.41,7855647.6,671390.6,9241836.24,-398916.11,11939.198571428573,267363.5993333334,12.875275191874227,13.899799329413343,-0.11612740976475974
2024-10-01,PJT_A,570074.84,0.0,241416.06,200913.96,561382.49,360468.53,-200913.96,4288210.25,7896149.7,241416.06,9707139.62,-832309.4,45244.611428571436,265802.92733333335,13.278679789324222,14.205491108012163,-0.02735467434461362
2024-10-03,PJT_A,854098.7,0.0,253021.31,265819.56,360468.53,94648.97,-265819.56,5142308.95,7883351.45,253021.31,10242622.35,-200913.96,13116.99428571428,261524.68366666665,15.744206824880399,14.738571875577248,-0.035284593895466114
2024-10-06,PJT_A,610383.48,398962.65,683250.72,488380.35,94648.97,5231.27,-89417.7,5353729.78,8078221.82,683250.72,10772859.54,-265819.56,-137988.33,260901.51966666666,16.312527042256285,14.912633831037438,-0.011547464582030348
2024-10-09,PJT_A,0.0,773181.86,571822.03,577748.55,5231.27,200664.58,195433.31,4580547.92,8072295.3,571822.03,9734292.6,-89417.7,-165638.02285714287,254109.81033333333,14.954390860769903,15.50646390933899,0.02469215382567538
2024-10-12,PJT_A,214620.06,715862.97,0.0,0.0,200664.58,916527.55,715862.97,4079305.01,8072295.3,0.0,10587405.61,195433.31,-125154.35,225236.63566666667,13.917403251671992,17.13635569531518,0.08816868212446306
2024-10-22,PJT_A,0.0,429817.39,647521.9,746909.78,916527.55,599435.16,-317092.39,3649487.62,7972907.42,647521.9,9357358.8,715862.97,-113465.24714285714,241754.942,13.485276506697298,17.786015752978578,-0.03837930056206765
2024-10-27,PJT_A,582527.14,0.0,487711.86,550873.68,599435.16,48561.48,-550873.68,4232014.76,7909745.6,487711.86,10402803.95,-317092.39,-73260.1442857143,259603.16866666666,13.834927494335695,17.683565794605034,-0.06541941592116539
2024-11-03,PJT_A,0.0,461719.12,204207.71,230425.38,48561.48,279855.22,231293.74,3770295.64,7883527.93,204207.71,9973901.91,-550873.68,-11516.187142857167,267284.0146666666,13.290711889304832,17.681230025419108,0.02693959573117438
2024-11-07,PJT_A,849860.94,0.0,330164.57,260303.53,279855.22,19551.69,-260303.53,4620156.58,7953388.97,330164.57,9852294.53,231293.74,-10728.182857142874,275960.799,13.531762901282466,17.498217446449942,-0.02975884283954696
2024-11-12,PJT_A,373263.35,592855.53,374424.0,362373.6,19551.69,250033.62,230481.93,4400564.4,7965439.37,374424.0,9846650.37,-260303.53,34971.764285714264,287997.40866666666,12.829616637907462,18.075200377437582,0.025964277318296623
2024-11-13,PJT_A,0.0,571159.58,708618.81,643154.68,250033.62,178038.52,-71995.1,3829404.82,8030903.5,708618.81,9335936.47,230481.93,-3232.294285714306,309432.51766666665,12.156602181939956,17.60496980373916,-0.008036515521543127
2024-11-21,PJT_A,543011.43,761771.5,0.0,0.0,178038.52,939810.02,761771.5,3610644.75,8030903.5,0.0,10743284.36,-71995.1,3326.0671428571222,309432.33666666667,11.323272087545643,18.73820318328368,0.08398446209698178
2024-11-26,PJT_A,365594.88,0.0,741767.13,538377.21,939810.02,401432.81,-538377.21,3976239.63,8234293.42,741767.13,9665589.07,761771.5,-28286.050000000014,323838.684,13.06866443591444,18.055214847186754,-0.05873540361962104
2024-11-30,PJT_A,274171.85,0.0,309036.63,319209.3,401432.81,82223.51,-319209.3,4250411.48,8224120.75,309036.63,10621330.68,-538377.21,4808.861428571424,318792.144,14.733655549390877,18.520872267704775,-0.03439132194571014
2024-12-06,PJT_A,508442.85,1106085.6199999999,868075.22,979026.8,82223.51,209282.33,127058.82,3652768.71,8113169.17,868075.22,9396565.35,-319209.3,-10081.84142857143,335060.4313333333,13.22745110541546,18.05912320328844,0.013587961618981369
2024-12-15,PJT_A,280450.19,346724.9,0.0,0.0,209282.33,556007.23,346724.9,3586494.0,8113169.17,0.0,9705553.28,127058.82,76636.50571428573,335060.4313333333,12.892807746896537,18.24996918363447,0.036805724018508824
2024-12-22,PJT_A,453911.08,0.0,0.0,0.0,556007.23,556007.23,0.0,4040405.08,8113169.17,0.0,10536467.61,346724.9,43710.51571428572,335060.4313333333,13.017529674582224,18.4408151639805,0.0
2025-01-02,PJT_A,0.0,229518.3,677478.72,525152.01,556007.23,260373.52,-295633.71,3810886.78,8265495.88,677478.72,9704926.43,0.0,11762.142857142866,348269.7793333333,12.752972461245228,17.932883251529002,-0.03079489135398987
2025-01-11,PJT_A,419191.03,1037674.3,178744.89,228100.6,260373.52,1069947.22,809573.7,3192403.51,8216140.17,178744.89,9575883.39,-295633.71,18591.028571428564,338635.9406666666,11.452014008919127,18.7374201162392,0.08376681323175453
2025-01-14,PJT_A,448572.26,849422.06,256699.48,277390.48,1069947.22,1641978.8,572031.58,2791553.71,8195449.17,256699.48,9474620.91,809573.7,177220.8557142857,338037.32433333335,10.50945107220038,18.835871658144605,0.05876673627146241
2025-01-18,PJT_A,340537.68,625516.13,375167.68,328109.56,1641978.8,1939385.37,297406.57,2506575.26,8242507.29,375167.68,10058966.05,572031.58,265308.83714285714,347837.0503333333,9.807331075741054,19.3203166612501,0.03029975927203937
2025-01-22,PJT_A,687604.71,0.0,0.0,0.0,1939385.37,1939385.37,0.0,3194179.97,8242507.29,0.0,9892448.67,297406.57,247157.5771428571,347772.73500000004,9.692114312980378,20.54331031685649,0.0
2025-01-23,PJT_A,0.0,0.0,567110.2,705027.77,1939385.37,1234357.6,-705027.77,3194179.97,8104589.72,567110.2,9746127.27,0.0,96907.19571428567,358499.961,10.34182139945027,20.248180129185855,-0.07119672635373947
2025-01-25,PJT_A,558041.48,0.0,460147.68,669916.52,1234357.6,564441.08,-669916.52,3752221.45,7894820.88,460147.68,9699433.78,-705027.77,1204.8357142856778,366362.11666666664,10.247540372355802,20.697692139765195,-0.06745594620730627
2025-01-28,PJT_A,953897.15,0.0,340842.25,370627.78,564441.08,193813.3,-370627.78,4706118.6,7865035.35,340842.25,10408866.76,-669916.52,-9508.602857142894,377352.168,10.195623103464833,21.31799009274237,-0.03732468345874651
2025-02-03,PJT_A,875838.06,0.0,536340.63,182358.32,193813.3,11454.98,-182358.32,5581956.66,8219017.66,536340.63,10973748.62,-370627.78,-151213.17714285717,377215.13366666663,11.427297774796914,20.678929523363806,-0.018321550920488247
2025-02-04,PJT_A,664972.38,432218.91,855895.92,443025.87,11454.98,648.02,-10806.96,5814710.13,8631887.71,855895.92,10484273.0,-182358.32,-234475.82571428575,384206.80566666665,11.821623159548649,19.64163494391505,-0.0010813798216684444
2025-02-10,PJT_A,524086.44,0.0,0.0,0.0,648.02,648.02,0.0,6338796.57,8631887.71,0.0,10407065.91,-10806.96,-276962.47857142857,370815.0266666667,13.22078373177548,20.72939918853745,0.0
2025-02-11,PJT_A,851834.93,0.0,221865.5,602.81,648.02,45.21,-602.81,7190631.5,8853150.4,221865.5,11037310.87,0.0,-277048.5942857143,357537.9166666667,13.592870472279769,21.081990807267996,-6.0043315732650895e-05
2025-02-12,PJT_A,772291.29,0.0,171098.32,40.97,45.21,4.24,-40.97,7962922.79,9024207.75,171098.32,11941241.45,-602.81,-176336.1942857143,329795.63566666667,14.047710178192277,22.141045483679033,-4.044595933794828e-06
2025-02-15,PJT_A,273190.01,0.0,0.0,0.0,4.24,4.24,0.0,8236112.8,9024207.75,0.0,11781495.75,-40.97,-80633.8342857143,323098.5036666666,14.470737923533258,22.73925767686618,0.0
2025-02-23,PJT_A,0.0,1063929.02,577127.38,452380.99,4.24,611552.27,611548.03,7172183.78,9148954.14,577127.38,11920677.81,0.0,59676.99571428571,329317.218,13.185106581844238,22.191544491893247,0.05963619108935614
2025-02-26,PJT_A,999239.6,3325949.59,934187.22,837876.16,611552.27,3099625.7,2488073.43,4845473.79,9245265.2,934187.22,12218924.86,611548.03,441167.24571428576,340967.0783333333,10.250354877328155,21.80530338982468,0.24149374820780387
2025-02-28,PJT_A,998559.93,905635.88,375452.08,446750.07,3099625.7,3558511.51,458885.81,4938397.84,9173967.21,375452.08,11629591.8,2488073.43,508266.2128571429,336600.4623333334,10.176048907253858,22.28599350489992,0.04426825296155927
2025-03-02,PJT_A,0.0,253467.95,0.0,0.0,3558511.51,3811979.46,253467.95,4684929.89,9173967.21,0.0,11170646.25,458885.81,544475.92,336600.4623333334,10.584791217266746,22.3843598279951,0.02440602522326262
2025-03-03,PJT_A,445544.86,795587.25,578358.2,631973.04,3811979.46,3975593.67,163614.21,4334887.5,9120352.37,578358.2,11533160.8,253467.95,567935.4942857143,332769.2376666666,10.346289718563568,22.626543445121126,0.015644895828850994
2025-03-04,PJT_A,403407.33,662669.7,599816.38,870132.77,3975593.67,3768130.6,-207463.07,4075625.13,8850035.98,599816.38,11208630.35,163614.21,538303.7657142857,343411.2073333334,9.846174922187858,22.48456172955171,-0.019786930148950367
2025-03-06,PJT_A,958236.85,0.0,255330.05,238342.28,3768130.6,3529788.32,-238342.28,5033861.98,8867023.75,255330.05,10556818.21,-207463.07,504254.8685714286,343675.104,10.274615466158396,22.46986620281644,-0.0226900064714058
2025-03-10,PJT_A,695798.28,0.0,436070.77,346811.0,3529788.32,3182977.32,-346811.0,5729660.26,8956283.52,436070.77,11378521.69,-238342.28,367346.43571428576,346558.6863333333,10.356436147821576,22.349090304147566,-0.032857014597311884
2025-03-12,PJT_A,597783.36,0.0,951997.82,1004575.9,3182977.32,2178401.42,-1004575.9,6327443.62,8903705.44,951997.82,10613070.95,-346811.0,-131603.4685714286,367965.42966666666,10.978518660728318,21.349695249542926,-0.09494412802545378
2025-03-13,PJT_A,238463.17,978209.58,903438.16,758755.08,2178401.42,2397855.92,219454.5,5587697.21,9048388.52,903438.16,11444273.56,-1004575.9,-165807.94142857144,371818.77633333334,10.775854051900776,21.091575280643948,0.02060415292122221
2025-03-17,PJT_A,0.0,0.0,615176.65,463781.73,2397855.92,1934074.19,-463781.73,5587697.21,9199783.44,615176.65,11538158.24,219454.5,-268272.1814285714,387278.1673333334,11.583441983268175,20.168297186976208,-0.04343550588628099
2025-03-22,PJT_A,389479.58,1614262.02,351678.8,272322.13,1934074.19,3276014.08,1341939.89,4362914.77,9279140.11,351678.8,12261635.64,-463781.73,-99939.94142857144,378409.66466666665,10.296297744442718,20.88719416493194,0.12466908940838958
2025-03-27,PJT_A,330048.96,0.0,0.0,0.0,3276014.08,3276014.08,0.0,4692963.73,9279140.11,0.0,12489357.98,1341939.89,-70302.36000000002,367769.3546666667,10.327404531273604,21.50846032378951,0.0
2025-03-30,PJT_A,0.0,1389947.49,595430.07,692862.8,3276014.08,3973098.77,697084.69,3303016.24,9181707.38,595430.07,10933128.14,0.0,63330.06428571426,358230.55466666666,10.101274754479876,22.095210109494854,0.06408500431124596
2025-04-09,PJT_A,0.0,915918.3300000001,307524.32,313762.64,3973098.77,4575254.46,602155.69,2387097.91,9175469.06,307524.32,11693182.52,697084.69,198896.73428571425,368689.3093333334,9.640465127173886,21.62234659188976,0.055022766896219245
2025-04-11,PJT_A,956395.89,772953.3,311754.35,358090.48,4575254.46,4990117.28,414862.82,2570540.5,9129132.93,311754.35,11140682.8,602155.69,401673.69428571424,380625.65866666666,9.07769709887178,21.16195097198995,0.037838997381295945
2025-04-12,PJT_A,791144.36,0.0,611521.53,629120.52,4990117.28,4360996.76,-629120.52,3361684.86,9111533.94,611521.53,10579817.52,414862.82,280448.69142857136,384091.2756666666,9.182302992104288,21.343199368857857,-0.05722888743883481
2025-04-18,PJT_A,918934.16,0.0,288284.91,283012.21,4360996.76,4077984.55,-283012.21,4280619.02,9116806.64,288284.91,10815507.35,-629120.52,306272.90857142856,385921.66266666667,9.910171016892388,21.228018123614895,-0.025648221502983497
2025-04-19,PJT_A,574640.47,0.0,0.0,0.0,4077984.55,4077984.55,0.0,4855259.49,9116806.64,0.0,11138469.02,-283012.21,114567.20999999996,376675.31333333335,10.673233140814848,21.749273105793243,0.0
2025-04-21,PJT_A,0.0,0.0,560690.7,470703.53,4077984.55,3607281.02,-470703.53,4855259.49,9206793.81,560690.7,12379168.0,0.0,47323.84857142852,381428.44566666667,11.361596841856104,21.501778168473603,-0.042150612779898185
2025-04-28,PJT_A,225210.43,0.0,260502.04,255449.55,3607281.02,3351831.47,-255449.55,5080469.92,9211846.3,260502.04,11552082.62,-470703.53,-88752.47142857147,389943.43066666665,11.505470387686517,21.136128579377996,-0.022762263065471064
2025-04-29,PJT_A,737878.61,0.0,0.0,0.0,3351831.47,3351831.47,0.0,5818348.53,9211846.3,0.0,10866022.03,-255449.55,-174774.71285714288,366442.505,11.705624364854177,22.218210836425783,0.0
2025-05-03,PJT_A,211498.36,0.0,796573.28,667570.22,3351831.47,2684261.25,-667570.22,6029846.89,9340849.36,796573.28,12272445.44,0.0,-329408.0042857143,366364.29500000004,11.879346357131318,21.7334663549899,-0.05883957368401301
2025-05-05,PJT_A,810027.23,1465295.35,959552.66,987030.33,2684261.25,3162526.27,478265.02,5374578.77,9313371.69,959552.66,10857670.32,-667570.22,-171210.07000000004,386911.0466666667,10.731003886207297,20.814448976625076,0.04209872125735523
2025-05-06,PJT_A,212736.21,875955.97,826855.57,556555.56,3162526.27,3481926.68,319400.41,4711359.01,9583671.7,826855.57,11106534.46,478265.02,-85151.12428571434,399384.288,10.066333659555173,20.463617996123517,0.028103899444613376
2025-05-07,PJT_A,293586.44,729164.23,463226.9,515608.97,3481926.68,3695481.94,213555.26,4275781.22,9531289.63,463226.9,12074992.43,319400.41,-54643.23000000004,401803.72466666665,9.778817296395445,21.153379166622198,0.018703370332928213
2025-05-08,PJT_A,844373.03,0.0,650019.42,623866.48,3695481.94,3071615.46,-623866.48,5120154.25,9557442.57,650019.42,12777421.9,213555.26,-76523.65142857145,422599.27400000003,9.701438000897896,20.210642281909312,-0.054263313995647926
2025-05-09,PJT_A,622209.65,0.0,972122.92,1279047.31,3071615.46,1792568.15,-1279047.31,5742363.9,9250518.18,972122.92,10953608.97,-623866.48,-222751.9028571429,465214.0906666666,9.609478346501577,19.181937247168264,-0.11127732487158964
2025-05-13,PJT_A,420759.06,206342.99,0.0,0.0,1792568.15,1998911.14,206342.99,5956779.97,9250518.18,0.0,12334782.99,-1279047.31,-193274.3328571429,465212.725,9.359467744884704,19.429302671363484,0.01793140920500266
2025-05-15,PJT_A,0.0,728738.06,593345.75,524009.04,1998911.14,2203640.16,204729.02,5228041.91,9319854.89,593345.75,10948389.28,206342.99,-68660.15571428576,482679.693,8.770361084491455,18.669109236646364,0.017834192147962988
2025-05-17,PJT_A,0.0,0.0,539197.57,552753.1,2203640.16,1650887.06,-552753.1,5228041.91,9306299.36,539197.57,12058427.11,204729.02,-215948.45857142864,486025.43,9.243271046405344,18.72783190167016,-0.048131738099487446
2025-05-18,PJT_A,869729.57,0.0,0.0,0.0,1650887.06,1650887.06,0.0,6097771.48,9306299.36,0.0,11824298.04,-552753.1,-261577.08857142858,458096.22466666665,11.8457247485086,19.999668759330547,0.0
2025-05-21,PJT_A,759507.79,0.0,553840.48,598338.28,1650887.06,1052548.78,-598338.28,6857279.27,9261801.56,553840.48,10827507.14,0.0,-377561.88,463149.165,12.95621175001909,19.750791804469667,-0.052282735088847475
2025-05-22,PJT_A,994862.54,0.0,780143.37,589500.78,1052548.78,463048.0,-589500.78,7852141.81,9452444.15,780143.37,12752517.48,-598338.28,-372652.49428571435,482799.191,13.535571489919185,18.725896234829385,-0.051274271231355216
2025-05-25,PJT_A,719634.37,1747151.69,177949.12,257808.61,463048.0,1952391.08,1489343.08,6824624.49,9372584.66,177949.12,11453485.21,-589500.78,22831.8471428571,470327.04333333333,12.675923282205765,19.265530523292334,0.12957171272637938
2025-06-01,PJT_A,824458.18,607504.16,966965.45,429327.87,1952391.08,2130567.37,178176.29,7041578.51,9910222.24,966965.45,11712215.95,1489343.08,18808.032857142818,455633.5466666667,12.980560679488296,18.85728443041494,0.015478596699964738
2025-06-06,PJT_A,462197.78,744104.3899999999,0.0,0.0,2130567.37,2874671.76,744104.39,6759671.9,9910222.24,0.0,12726439.6,178176.29,95861.6571428571,447688.80400000006,12.359602381692358,19.262016050738236,0.06423852279097392
2025-06-07,PJT_A,0.0,0.0,828184.41,1240346.12,2874671.76,1634325.64,-1240346.12,6759671.9,9498060.53,828184.41,11889454.2,744104.39,-2365.9171428571985,477473.308,12.44022606025976,18.790393999183202,-0.10692185872158289
2025-06-12,PJT_A,497381.59,1084937.7,426075.03,419237.47,1634325.64,2300025.87,665700.23,6172115.79,9504898.09,426075.03,11300303.99,-1240346.12,92734.11571428565,457962.027,11.455253469242534,19.521457458360132,0.05727242186582671
2025-06-13,PJT_A,766202.57,1541584.0,794016.73,761065.36,2300025.87,3080544.51,780518.64,5396734.36,9537849.46,794016.73,12685935.4,665700.23,289713.67571428564,458039.03633333335,10.994589002407713,19.705955710106295,0.06691237217960326
2025-06-16,PJT_A,999469.02,858506.18,0.0,0.0,3080544.51,3939050.69,858506.18,5537697.2,9537849.46,0.0,11562152.59,780518.64,496571.8128571428,442579.6453333333,10.373682350777067,20.621144331494257,0.07359304901887795
2025-06-20,PJT_A,354152.88,0.0,946909.91,1073167.46,3939050.69,2865883.23,-1073167.46,5891850.08,9411591.91,946909.91,12038547.68,858506.18,130498.87857142852,469274.4896666667,11.710720534736586,19.76672432592664,-0.09205296828607469
2025-06-22,PJT_A,0.0,0.0,530434.58,531010.22,2865883.23,2334873.01,-531010.22,5891850.08,9411016.27,530434.58,11879409.85,-1073167.46,29186.519999999953,486974.83033333335,11.79843470226372,19.064397962372887,-0.04562798015043814
2025-06-25,PJT_A,218873.57,1189382.64,0.0,0.0,2334873.01,3524255.65,1189382.64,4921341.01,9411016.27,0.0,12281241.6,-531010.22,92797.69857142851,463879.40366666665,12.094307323033782,19.883080111109454,0.10180667355800435
2025-06-27,PJT_A,669398.5,0.0,812134.67,709316.77,3524255.65,2814938.88,-709316.77,5590739.51,9513834.17,812134.67,11878776.0,1189382.64,168659.03428571424,477064.5413333333,13.232091817376514,19.221329702545678,-0.060682709777420754
2025-06-29,PJT_A,732686.21,0.0,0.0,0.0,2814938.88,2814938.88,0.0,6323425.72,9513834.17,0.0,12287955.79,-709316.77,73559.0014285714,465128.192,14.419040546705787,19.666077304067144,0.0
2025-07-09,PJT_A,375745.71,0.0,684644.73,485787.77,2814938.88,2329151.11,-485787.77,6699171.43,9712691.13,684644.73,13054708.78,0.0,-107341.91428571432,460350.4336666667,14.70239064633879,19.608007052506657,-0.04113470240905905
2025-07-12,PJT_A,390567.55,736490.56,0.0,0.0,2329151.11,3065641.67,736490.56,6353248.42,9712691.13,0.0,11571007.09,-485787.77,-124772.71714285717,450916.69333333336,14.00279559716495,20.050434764426086,0.06223058028305079
2025-07-13,PJT_A,272701.23,788609.13,913894.41,1125478.38,3065641.67,2728772.42,-336869.25,5837340.52,9501107.16,913894.41,11078325.67,736490.56,-19587.258571428614,488432.6393333333,13.246569831512499,18.85742112850371,-0.02846896048791811
2025-07-16,PJT_A,0.0,1318300.6800000002,363562.31,441590.52,2728772.42,3605482.58,876710.16,4519039.84,9423078.95,363562.31,11434508.62,-336869.25,181515.65285714282,487462.2056666667,12.02928770731388,19.12248703817293,0.0742888318087166
2025-07-23,PJT_A,709457.17,649646.98,758191.04,571153.8,3605482.58,3683975.76,78493.18,4578850.03,9610116.19,758191.04,11736354.19,876710.16,22817.158571428543,497985.68066666665,11.484724737239409,18.527958644524446,0.006647730895131491
2025-07-25,PJT_A,0.0,0.0,944182.54,1612379.92,3683975.76,2071595.84,-1612379.92,4578850.03,8941918.81,944182.54,11213407.35,78493.18,-106191.86285714286,551731.678,11.403561716351627,17.43695768551265,-0.13642161545693582
2025-07-27,PJT_A,269398.91,1093542.0899999999,967468.21,731711.45,2071595.84,2433426.48,361830.64,3754706.85,9177675.57,967468.21,11078998.92,-1612379.92,-54501.77142857143,553869.7189999999,10.502542261970493,17.245924004125182,0.030717466432264532
2025-07-28,PJT_A,854230.74,0.0,0.0,304844.53,2433426.48,2128581.95,-304844.53,4608937.59,8872831.04,0.0,10657818.46,361830.64,-28652.737142857146,531130.1923333333,11.484000181087719,18.2855839797055,-0.025894297963461845
2025-08-01,PJT_A,358402.42,671773.74,461175.63,410094.27,2128581.95,2390261.42,261679.47,4295566.27,8923912.4,461175.63,11683123.81,-304844.53,-96482.89285714287,526248.1493333334,11.615264811388476,18.683986767762704,0.022191514840135696
2025-08-08,PJT_A,437914.67,0.0,398927.11,463316.9,2390261.42,1926944.52,-463316.9,4733480.94,8859522.61,398927.11,10691456.04,261679.47,-114546.84285714288,524505.0803333333,12.25444154453634,18.71914549150362,-0.03944548412885488
2025-08-09,PJT_A,505987.57,762956.51,366745.87,340089.2,1926944.52,2349811.83,422867.31,4476512.0,8886179.28,366745.87,10623111.11,-463316.9,-179381.5357142857,515045.83766666666,11.575993552833497,19.032497349492317,0.036223179731552174
2025-08-11,PJT_A,323170.59,0.0,194004.52,233314.56,2349811.83,2116497.27,-233314.56,4799682.59,8846869.24,194004.52,11191414.19,422867.31,-223925.49857142862,480188.07933333336,11.51199431768942,20.06134281405577,-0.019972365487960105
2025-08-13,PJT_A,324006.93,909365.73,692418.76,769793.02,2116497.27,2256069.98,139572.71,4214323.79,8769494.98,692418.76,11632218.98,-233314.56,26353.44857142853,505847.8466666666,10.874664662342601,19.08329257838568,0.011971806368900724
2025-08-17,PJT_A,251600.61,279393.44,401974.11,676056.11,2256069.98,1859407.31,-396662.67,4186530.96,8495412.98,401974.11,10638532.28,139572.71,-82002.7385714286,510916.08233333327,11.131281965520643,19.278255770802314,-0.03405378805353075
2025-08-18,PJT_A,450170.64,0.0,279083.62,384513.05,1859407.31,1474894.26,-384513.05,4636701.6,8389983.55,279083.62,10653404.95,-396662.67,-93383.95571428575,505308.0806666667,11.091815205972654,19.565993506161867,-0.033143997458505575
2025-08-19,PJT_A,822671.38,0.0,268089.17,364060.01,1474894.26,1110834.25,-364060.01,5459372.98,8294012.71,268089.17,9714862.1,-384513.05,-182775.31000000006,517443.4143333333,11.049207726541233,19.13475439070882,-0.03157235774612361
2025-08-20,PJT_A,0.0,342079.71,682987.66,781084.72,1110834.25,671829.24,-439005.01,5117293.27,8195915.65,682987.66,10717634.21,-364060.01,-179302.1828571429,523534.96233333333,10.689039559451999,18.89315288058788,-0.03808390526129262
2025-08-22,PJT_A,243609.51,0.0,210139.19,248508.34,671829.24,423320.9,-248508.34,5360902.78,8157546.5,210139.19,10356189.95,-439005.01,-275212.99000000005,512168.5476666667,10.526482594028534,19.566512621117695,-0.021708651773745688
2025-08-23,PJT_A,0.0,465494.73,0.0,0.0,423320.9,888815.63,465494.73,4895408.05,8157546.5,0.0,9854193.42,-248508.34,-175383.09142857144,503574.92733333335,11.349780299666733,19.729683606718616,0.04085393080361196
2025-08-30,PJT_A,0.0,418637.05,0.0,0.0,888815.63,1307452.68,418637.05,4476771.0,8157546.5,0.0,10407637.39,465494.73,-135516.75714285718,489263.9983333333,11.319378767652198,21.070102895177712,0.03688225009134796
2025-09-01,PJT_A,772109.42,534887.4299999999,559584.03,551173.38,1307452.68,1291166.73,-16285.95,4713992.99,8165957.15,559584.03,10540904.21,418637.05,-81177.22571428576,507636.4443333333,11.343014766171718,20.066400219866647,-0.0014440732937690476
2025-09-09,PJT_A,810278.32,719152.8400000001,787924.84,859815.53,1291166.73,1150504.04,-140662.69,4805118.47,8094066.46,787924.84,9468233.91,-16285.95,-46341.46000000004,494952.09133333334,10.639074847261746,20.022060424345323,-0.012562445135517915
2025-09-10,PJT_A,0.0,0.0,0.0,0.0,1150504.04,1150504.04,0.0,4805118.47,8094066.46,0.0,10197598.77,-140662.69,5667.112857142813,480977.50899999996,11.405331375145717,20.568979949972153,0.0
2025-09-13,PJT_A,239479.65,781082.26,168887.75,213522.11,1150504.04,1718064.19,567560.15,4263515.86,8049432.1,168887.75,9373385.62,0.0,149462.1357142857,462726.0673333333,12.007645788263094,21.48639409921147,0.05136335673842633
2025-09-16,PJT_A,910033.53,0.0,474457.01,235731.37,1718064.19,1482332.82,-235731.37,5173549.39,8288157.74,474457.01,11137573.1,567560.15,151287.41714285713,470583.7796666667,12.860459842794672,20.597039062012428,-0.021360700066848707
2025-09-18,PJT_A,0.0,214118.44,0.0,0.0,1482332.82,1696451.26,214118.44,4959430.95,8288157.74,0.0,10016263.53,-235731.37,115376.51857142852,434811.531,12.550050795483825,22.138876347995044,0.019521496191379176
2025-09-19,PJT_A,737826.12,0.0,433704.32,547873.7,1696451.26,1148577.56,-547873.7,5697257.07,8173988.36,433704.32,9465938.4,214118.44,-22696.445714285754,435373.647,12.53366389696351,22.215369706562775,-0.050319535596996985
2025-09-21,PJT_A,327706.21,861792.21,710613.87,640942.14,1148577.56,1369427.63,220850.07,5163171.07,8243660.09,710613.87,10126508.83,-547873.7,11180.128571428533,456738.385,12.910178713941342,20.862822216139616,0.02041870170757667
2025-09-22,PJT_A,868710.73,0.0,722611.41,788419.59,1369427.63,581008.04,-788419.59,6031881.8,8177851.91,722611.41,10564357.13,220850.07,-81356.57142857146,459375.1456666667,12.948381704344607,20.90554732434854,-0.0731898424796057
2025-09-24,PJT_A,887001.62,0.0,769477.65,530459.82,581008.04,50548.22,-530459.82,6918883.42,8416869.74,769477.65,10444012.92,-788419.59,-157136.54571428575,477057.1396666667,12.999948433072094,19.605233949583322,-0.04952574427556607
2025-09-25,PJT_A,0.0,784444.32,179840.21,208772.24,50548.22,626220.3,575672.08,6134439.1,8387937.71,179840.21,11210933.85,-530459.82,-155977.6985714286,467823.2886666666,12.127205111147141,20.279670946088196,0.054057115685481175
2025-09-28,PJT_A,570841.13,0.0,498280.43,457144.5,626220.3,169075.8,-457144.5,6705280.23,8429073.64,498280.43,10171777.05,575672.08,-187608.14571428575,483061.4386666666,12.927841754959879,19.417436991746975,-0.04311590079862926
2025-10-04,PJT_A,230380.77,1918065.83,600639.15,454164.28,169075.8,1632977.35,1463901.55,5017595.17,8575548.51,600639.15,11524579.26,-457144.5,-9067.70142857145,460684.302,11.715935647626061,19.81736467358051,0.13787545733862314
2025-10-14,PJT_A,700878.48,1205310.1400000001,773077.4,1047881.88,1632977.35,1790405.61,157428.26,4513163.51,8300744.03,773077.4,10981122.91,1463901.55,91689.7214285714,480894.014,11.820434567276266,19.123024047040378,0.014848288538674755
2025-10-18,PJT_A,280758.15,1076872.35,310021.65,156247.51,1790405.61,2711030.45,920624.84,3717049.31,8454518.17,310021.65,9967762.83,157428.26,191657.5457142857,467063.8043333333,11.36704056555908,19.699764377526655,0.08731682738921343
2025-10-21,PJT_A,412071.34,0.0,0.0,0.0,2711030.45,2711030.45,0.0,4129120.65,8454518.17,0.0,9862598.39,920624.84,304288.9157142857,413317.80700000003,11.332549388671675,21.220295760165826,0.0
2025-10-28,PJT_A,649267.49,0.0,897276.87,677739.97,2711030.45,2033290.48,-677739.97,4778388.14,8674055.07,897276.87,11182386.35,0.0,283248.8942857142,411518.7576666667,12.455682227436006,21.303547348077206,-0.06453487667819663
2025-11-04,PJT_A,0.0,1207385.0699999998,0.0,0.0,2033290.48,3240675.55,1207385.07,3571003.07,8674055.07,0.0,10194015.11,-677739.97,373493.60714285716,401357.2733333333,11.233377862214981,21.28676159062803,0.11513755226754668
2025-11-07,PJT_A,0.0,0.0,958538.52,984975.34,3240675.55,2255700.21,-984975.34,3571003.07,8647618.25,958538.52,10891513.31,1207385.07,298089.2014285714,420519.97566666664,11.779944984800407,20.406360359942216,-0.09416526628495522
2025-11-08,PJT_A,0.0,285171.59,0.0,0.0,2255700.21,2540871.8,285171.59,3285831.48,8647618.25,0.0,11035083.17,-984975.34,129699.2071428571,405076.07899999997,11.403407607362928,21.07038841645517,0.027233052732483436
2025-11-22,PJT_A,210813.82,594387.9,486820.98,562628.6,2540871.8,2572631.1,31759.3,2902257.4,8571810.63,486820.98,10121846.9,285171.59,111746.49857142854,412494.059,11.431031983111659,20.83454339234644,0.003037767445567485
2025-11-27,PJT_A,601472.19,397102.15,0.0,0.0,2572631.1,2969733.25,397102.15,3106627.44,8571810.63,0.0,9899080.15,31759.3,36957.54285714283,404716.90699999995,10.95142708164593,21.151987735403832,0.03813985125091231
2022-07-22,PJT_B,205754.45,0.0,0.0,0.0,466406.72,466406.72,0.0,205754.45,0.0,0.0,0.0,,0.0,0.0,90.0,0.0,1.0
2022-07-28,PJT_B,107156.86,0.0,113965.49,113989.68,466406.72,352417.04,-113989.68,312911.31,0.0,113965.49,0.0,0.0,-56994.84,56994.84,90.0,0.0,1.0
2022-08-13,PJT_B,0.0,0.0,59119.67,34455.46,352417.04,317961.58,-34455.46,312911.31,24664.21,59119.67,31262.82,-113989.68,-49481.713333333326,49481.713333333326,90.0,1.4249754282805065,-3.306367755691905
2022-08-15,PJT_B,0.0,0.0,202423.79,162381.27,317961.58,155580.31,-162381.27,312911.31,64706.73,202423.79,86293.03,-34455.46,-77706.6025,77706.6025,90.0,1.7849962031530806,-5.5252467656862665
2022-09-29,PJT_B,151808.55,100734.65,123897.38,130450.96,155580.31,125864.0,-29716.31,363985.21,58153.15,123897.38,70706.15,-162381.27,-68108.544,88255.474,89.84834453685997,1.7723935137145737,-0.7892275127216326
2022-11-14,PJT_B,201088.34,187721.23,171907.86,183427.06,125864.0,130158.17,4294.17,377352.32,46633.95,171907.86,62094.19,-29716.31,-56041.424999999996,104117.40499999998,32.68829032016959,1.446104096205683,0.10291345302866288
2022-11-18,PJT_B,84034.38,0.0,141869.71,118365.96,130158.17,11792.21,-118365.96,461386.7,70137.7,141869.71,85449.13,4294.17,-64944.93,106152.91285714286,34.87355714255405,1.392914971104849,-2.4673871158443825
2022-12-17,PJT_B,0.0,0.0,0.0,0.0,11792.21,11792.21,0.0,461386.7,70137.7,0.0,88323.3,-118365.96,-64944.93,92883.79875,36.5125072593424,1.5422408141627004,0.0
2022-12-19,PJT_B,223274.38,145375.88,114200.04,101308.1,11792.21,55859.99,44067.78,539285.2,83029.64,114200.04,95824.7,0.0,-42365.29285714286,93819.83222222222,25.723370352906695,1.5005043110839291,0.7627800511015104
2023-01-13,PJT_B,152311.55,0.0,98798.69,51357.94,55859.99,4502.05,-51357.94,691596.75,130470.39,98798.69,166801.69,44067.78,-44779.93285714286,89573.64300000001,27.93350993942905,1.6018595150066026,-0.747834952088664
2023-02-15,PJT_B,112174.29,290488.38,169579.39,156627.8,4502.05,138362.63,133860.58,513282.66,143421.98,169579.39,179078.88,-51357.94,-2459.6685714285745,95669.47545454545,17.142459786810942,1.5768312022791653,1.700633801709933
2023-02-24,PJT_B,166927.69,0.0,55540.37,53119.75,138362.63,85242.88,-53119.75,680210.35,145842.6,55540.37,186180.73,133860.58,-5803.017142857147,92123.665,18.061675980734154,1.672653342410702,-0.6059202865450671
2023-03-22,PJT_B,111738.71,352371.30000000005,92172.15,68165.61,85242.88,369448.57,284205.69,439577.76,169849.14,92172.15,195829.57,-53119.75,34184.34285714285,90280.7376923077,12.158083735313607,1.7298095234809243,2.9608455924292922
2023-04-10,PJT_B,0.0,102477.58,144840.72,182642.22,369448.57,289283.93,-80164.64,337100.18,132047.64,144840.72,162345.76,284205.69,39641.67428571428,96877.98642857143,10.921102866394602,1.640054065465366,-0.7958537500568629
2023-05-11,PJT_B,0.0,284316.75,61958.6,38429.67,289283.93,535171.01,245887.08,52783.43,155576.57,61958.6,209536.54,-80164.64,74768.4,92981.432,8.284925981890483,1.6702486359410074,2.277116675420922
2023-06-04,PJT_B,44067.31,0.0,118126.87,105363.68,535171.01,429807.33,-105363.68,96850.74,168339.76,118126.87,221283.21,245887.08,53421.04857142857,93755.3225,7.8912020869871515,1.6441768908840027,-0.915703420791319
2023-06-12,PJT_B,51411.68,0.0,61557.98,76088.87,429807.33,353718.46,-76088.87,148262.42,153808.87,61557.98,181783.33,-105363.68,49888.05857142857,92716.11941176471,7.605792074485449,1.6492947497267487,-0.639467691857728
2023-06-14,PJT_B,152630.73,0.0,76497.02,50850.73,353718.46,302867.73,-50850.73,300893.15,179455.16,76497.02,224575.35,-76088.87,23500.72857142857,90390.26444444444,7.525915278743479,1.6572739279546769,-0.4072822008824384
2023-06-27,PJT_B,69976.07,0.0,64176.48,78458.56,302867.73,224409.17,-78458.56,370869.22,165173.08,64176.48,206143.34,-50850.73,19880.898571428574,89762.28,7.529943393479773,1.6556026180103711,-0.6075832562152993
2023-07-18,PJT_B,122413.5,0.0,93749.29,94740.97,224409.17,129668.2,-94740.97,493282.72,164181.4,93749.29,208089.39,-78458.56,-34254.33857142857,90011.2145,7.659036435318397,1.623128961965891,-0.7119096069207757
2023-08-28,PJT_B,0.0,306628.66000000003,159429.39,167362.07,129668.2,268934.79,139266.59,186654.06,156248.72,159429.39,210310.34,-94740.97,-2907.0199999999977,93694.58857142857,6.1813985583487305,1.5348947906696964,1.0183456004536628
2023-09-13,PJT_B,0.0,0.0,137119.8,166668.22,268934.79,102266.57,-166668.22,186654.06,126700.3,137119.8,155079.75,139266.59,-61843.49142857142,97011.57181818182,6.04421787938514,1.4526873826298659,-1.2113351502310281
2023-09-15,PJT_B,0.0,116984.78,92146.25,100784.41,102266.57,118466.94,16200.37,69669.28,118062.14,92146.25,146953.59,-166668.22,-44477.19857142858,97175.60826086957,5.4711793368552275,1.4005570399721157,0.11739602754715844
2023-09-25,PJT_B,0.0,0.0,0.0,0.0,118466.94,118466.94,0.0,69669.28,118062.14,0.0,158266.2,16200.37,-33607.36,93126.62458333334,5.289361926286854,1.4049173897815683,0.0
2023-10-05,PJT_B,130852.5,0.0,88466.3,99014.56,118466.94,19452.38,-99014.56,200521.78,107513.88,88466.3,132085.29,0.0,-40487.90714285714,93362.14199999999,5.205298570391537,1.3526937249737176,-0.7145358825948916
2023-10-15,PJT_B,48635.16,0.0,103484.06,17566.15,19452.38,1886.23,-17566.15,249156.94,193431.79,103484.06,223690.92,-99014.56,-31788.99142857143,90446.91153846154,5.157439062660213,1.3354769726227118,-0.12383988209069707
2023-10-26,PJT_B,114523.23,0.0,50537.82,1708.46,1886.23,177.77,-1708.46,363680.17,242261.15,50537.82,318389.3,-17566.15,-18498.632857142857,87160.30222222222,5.180555198378903,1.3646823813416358,-0.011513750642257412
2023-10-27,PJT_B,156442.25,0.0,97915.22,160.75,177.77,17.02,-160.75,520122.42,340015.62,97915.22,407561.29,-1708.46,-38416.82428571429,84053.17535714286,5.2908425897908,1.4033590763624648,-0.0010197243853769856
2023-10-30,PJT_B,141284.62,0.0,68886.02,16.06,17.02,0.96,-16.06,661407.04,408885.58,68886.02,532935.65,-160.75,-14609.372857142855,81155.34379310346,5.47097430905698,1.4743023054709692,-9.414835565310115e-05
2023-11-03,PJT_B,82479.87,0.0,70317.19,0.87,0.96,0.09,-0.87,743886.91,479201.9,70317.19,597926.99,-16.06,-16923.835714285713,78450.19466666666,5.68280447216127,1.5589503070330608,-4.70711260567407e-06
2023-12-10,PJT_B,101247.09,49325.43,105905.44,49325.51,0.09,0.01,-0.08,795808.57,535781.83,105905.44,670791.62,-0.87,-16923.84714285714,80094.37833333334,5.84276285081768,1.6850926539406925,-3.8612572715418153e-07
2023-12-16,PJT_B,192699.1,287693.1,0.0,0.0,0.01,287693.11,287693.1,700814.57,535781.83,0.0,678834.69,-0.08,38320.10428571428,76294.72233333332,5.261400059692884,1.9427638940198577,1.2518507086203368
2023-12-25,PJT_B,0.0,271474.4,0.0,0.0,287693.11,559167.51,271474.4,429340.17,535781.83,0.0,622538.36,287693.1,79611.61142857143,75146.207,4.73571056767313,2.1691143960556367,1.0879716685713556
2024-01-11,PJT_B,0.0,74169.98,0.0,0.0,559167.51,633337.49,74169.98,355170.19,535781.83,0.0,666570.24,271474.4,90451.38857142857,69733.498,4.615470380581375,2.5242166335156666,0.2758622685265469
2024-01-16,PJT_B,46715.28,0.0,172551.52,163469.18,633337.49,469868.31,-163469.18,401885.47,544864.17,172551.52,634485.86,74169.98,67121.61285714286,70834.10533333334,4.8191287276362305,2.6635483592744498,-0.5682748830349751
2024-01-27,PJT_B,83121.7,0.0,117229.57,109173.52,469868.31,360694.79,-109173.52,485007.17,552920.22,117229.57,686834.41,-163469.18,51527.689999999995,68358.98733333334,5.262869074517588,2.9184995874298227,-0.3539041336932733
2024-02-08,PJT_B,0.0,184868.3,39318.87,135093.24,360694.79,410469.85,49775.06,300138.87,457145.85,39318.87,584192.36,-109173.52,58638.53714285714,68916.56333333334,4.8029723922135705,3.1981090077610554,0.1531031118148178
2024-02-11,PJT_B,129248.43,0.0,0.0,0.0,410469.85,410469.85,0.0,429387.3,457145.85,0.0,533911.04,49775.06,58638.54857142857,68916.56333333334,4.789997073767537,3.3557815902639923,0.0
2024-02-12,PJT_B,0.0,94966.35,158022.1,174011.72,410469.85,331424.48,-79045.37,334420.95,441156.23,158022.1,542459.37,0.0,6247.338571428573,71340.01733333334,4.805146416124306,3.4402658545381595,-0.22275786794043545
2024-03-01,PJT_B,0.0,131049.0,38505.7,24906.64,331424.48,437566.84,106142.36,203371.95,454755.29,38505.7,609267.12,-79045.37,-17371.52428571429,70458.30733333335,4.366192323561154,3.6583550151463835,0.2871835102927309
2024-03-14,PJT_B,81006.91,0.0,177546.38,188687.27,437566.84,248879.57,-188687.27,284378.86,443614.4,177546.38,544975.4,106142.36,-54922.560000000005,71526.95633333334,4.826863567560503,3.769167042610215,-0.4942119428779464
2024-03-28,PJT_B,0.0,122392.37,0.0,0.0,248879.57,371271.94,122392.37,161986.49,443614.4,0.0,539108.63,-188687.27,-14085.195714285717,69756.298,4.360648097000149,3.9813072060744235,0.3109890167102655
2024-04-09,PJT_B,0.0,73744.89,78202.67,59566.7,371271.94,385450.13,14178.19,88241.6,462250.37,78202.67,601154.12,122392.37,3536.4771428571403,69469.66766666666,4.771894715315725,4.127749159069073,0.03482991585447807
2024-04-15,PJT_B,182199.42,0.0,130190.51,115350.45,385450.13,270099.68,-115350.45,270441.02,477090.43,130190.51,590877.4,14178.19,-20052.88142857143,67226.60866666667,4.983323479995017,4.299443686102415,-0.27376156679640273
2024-04-17,PJT_B,0.0,0.0,64839.86,61609.13,270099.68,208490.55,-61609.13,270441.02,480321.16,64839.86,638585.34,-115350.45,-28854.185714285715,67999.25733333333,5.937331849815717,4.431533941928259,-0.14141713817664067
2024-05-26,PJT_B,49635.26,0.0,175646.58,62502.53,208490.55,145988.02,-62502.53,320076.28,593465.21,175646.58,695151.18,-61609.13,-26490.92285714286,66570.55233333334,6.067621873159361,4.5018097035572024,-0.138448114700856
2024-05-28,PJT_B,133539.52,0.0,118714.52,116879.49,145988.02,29108.53,-116879.49,453615.8,595300.24,118714.52,684948.02,-62502.53,-58351.18714285714,67930.23966666666,6.2458474427257284,4.576095260779695,-0.24962350994887866
2024-06-03,PJT_B,155470.14,178368.91,164071.28,151903.25,29108.53,55574.19,26465.66,430717.03,607468.27,164071.28,805968.16,-116879.49,-27615.05428571429,71298.65699999999,5.725543630142734,4.5867167031398495,0.05427708274305758
2024-06-04,PJT_B,0.0,0.0,75033.82,52093.0,55574.19,3481.19,-52093.0,430717.03,630409.09,75033.82,775432.78,26465.66,-52541.53571428572,70419.805,5.757181247259922,4.747874126819899,-0.10283289183416541
2024-06-05,PJT_B,80596.67,0.0,0.0,0.0,3481.19,3481.19,0.0,511313.7,630409.09,0.0,733826.1,-52093.0,-54566.991428571426,67261.77266666667,5.766713045357257,5.114745241768237,0.0
2024-06-20,PJT_B,194949.0,176593.94,110902.23,78738.28,3481.19,101336.85,97855.66,529668.76,662573.04,110902.23,817918.87,0.0,-24108.97571428572,64307.64633333333,6.387096847073206,5.424542713122922,0.17976364734756442
2024-07-01,PJT_B,73824.03,141643.29,0.0,0.0,101336.85,242980.14,141643.29,461849.5,662573.04,0.0,771492.94,97855.66,4927.084285714281,58752.039,6.056354281253164,5.981306580183547,0.250738495993556
2024-07-26,PJT_B,141410.46,264341.62,0.0,0.0,242980.14,507321.76,264341.62,338918.34,662573.04,0.0,808555.77,141643.29,51619.10571428571,55392.558666666664,5.752449779399185,6.47791719507691,0.45035877993787243
2024-09-01,PJT_B,0.0,214709.27000000002,49597.32,47331.2,507321.76,674699.83,167378.07,124209.07,664839.16,49597.32,849655.23,264341.62,92227.32857142857,56970.26533333333,5.231307672750439,6.577873394059302,0.2743884126973792
2024-09-09,PJT_B,0.0,0.0,0.0,43793.08,674699.83,630906.75,-43793.08,124209.07,621046.08,0.0,818846.53,167378.07,82190.36571428573,55129.549333333336,5.197620596476685,7.0832913509816215,-0.06919472847998172
2024-11-12,PJT_B,0.0,0.0,63412.32,71199.59,630906.75,559707.16,-71199.59,124209.07,613258.81,63412.32,746661.76,-43793.08,79460.85285714288,56917.33066666666,5.1424642741952065,7.414063363825367,-0.1094824914122523
2024-11-17,PJT_B,0.0,0.0,172190.6,231809.38,559707.16,327897.78,-231809.38,124209.07,553640.03,172190.6,700009.45,-71199.59,46345.22714285714,64587.361333333334,5.036753427193969,7.151474385243588,-0.34961111796150474
2024-11-30,PJT_B,171060.84,0.0,163545.14,219580.48,327897.78,108317.3,-219580.48,295269.91,497604.69,163545.14,617863.51,-231809.38,997.2071428571445,71901.35233333334,4.937495732706184,7.016782589892005,-0.3277030571657516
2025-01-04,PJT_B,0.0,165857.9,0.0,0.0,108317.3,274175.2,165857.9,129412.01,497604.69,0.0,576057.79,-219580.48,4456.437142857142,71900.817,4.381836635116731,7.271521078617158,0.246997341417568
2025-01-05,PJT_B,0.0,0.0,179325.41,248345.25,274175.2,25829.95,-248345.25,129412.01,428584.85,179325.41,542854.17,165857.9,-68784.54428571429,80178.96299999999,4.129090988550401,6.913405796510597,-0.3708522252361997
2025-03-16,PJT_B,44531.9,0.0,166237.92,23981.71,25829.95,1848.24,-23981.71,173943.91,570841.06,166237.92,668260.05,-248345.25,-96121.6557142857,79334.16966666668,3.9535168016408186,6.755215176089588,-0.03581623314155616
2025-03-17,PJT_B,108655.65,0.0,145992.61,1702.89,1848.24,145.35,-1702.89,282599.56,715130.78,145992.61,942218.95,-23981.71,-90108.77142857143,79390.93266666666,4.296937338086403,6.440167027704241,-0.00251031895325413
2025-05-12,PJT_B,0.0,139401.3,105168.24,134018.13,145.35,5528.52,5383.17,143198.26,686280.89,105168.24,797321.6,-1702.89,-79168.37714285715,83858.20366666668,4.440338236986775,6.242585058297547,0.007868036445840861
2025-06-01,PJT_B,78734.19,0.0,155174.77,4978.37,5528.52,550.15,-4978.37,221932.45,836477.29,155174.77,990155.51,5383.17,-46763.94714285714,84024.14933333333,4.544209310909578,6.005826172760374,-0.007163448893585096
2025-07-08,PJT_B,126570.86,81082.28,75998.65,81580.75,550.15,51.68,-498.47,267421.03,830895.19,75998.65,1061489.62,-4978.37,-15466.517142857145,81294.53499999999,4.288793195345935,6.323607096180291,-0.0007028606233254396
2025-08-02,PJT_B,102077.84,124561.37,171601.4,95969.04,51.68,28644.01,28592.33,244937.5,906527.55,171601.4,1136102.21,-498.47,-35075.88428571429,80854.38566666665,3.918954290748913,6.32712649135704,0.03948249606022622
2022-10-12,PJT_C,268246.64,0.0,573684.85,542017.72,979708.95,437691.23,-542017.72,268246.64,31667.13,573684.85,41076.2,,-542017.72,542017.72,90.0,1.6559856862177904,-13.1954202190076
2022-12-22,PJT_C,122947.67,255088.73,267987.71,276641.54,437691.23,416138.42,-21552.81,136105.58,23013.3,267987.71,27910.89,-542017.72,-281785.265,409329.63,23.777151189705634,0.974495889470366,-0.6248360381630824
2022-12-28,PJT_C,0.0,0.0,254401.17,256910.82,416138.42,159227.6,-256910.82,136105.58,20503.65,254401.17,27477.71,-21552.81,-273493.7833333333,358523.36000000004,21.1870512664358,0.6859399869021585,-7.989779277000523
2023-01-26,PJT_C,0.0,0.0,316570.18,146044.21,159227.6,13183.39,-146044.21,136105.58,191029.62,316570.18,254851.16,-256910.82,-241631.38999999998,305403.5725,19.892001304800882,1.4133800711320093,-1.6628246550484072
2023-02-18,PJT_C,0.0,0.0,327150.75,12000.65,13183.39,1182.74,-12000.65,136105.58,506179.72,327150.75,612162.8,-146044.21,-195705.242,246722.98799999998,19.11497132781993,2.663739938137297,-0.06227770916299182
2023-04-12,PJT_C,334859.41,125667.13,282837.25,126757.26,1182.74,92.61,-1090.13,345297.86,662259.71,282837.25,834049.33,-12000.65,-163269.38999999998,226728.69999999998,15.20615887566379,3.546500781746294,-0.003638763720237608
2023-05-02,PJT_C,151922.81,0.0,0.0,0.0,92.61,92.61,0.0,497220.67,662259.71,0.0,783988.01,-1090.13,-139945.19142857142,194338.88571428572,18.630470116542845,4.4431066620943955,0.0
2023-06-20,PJT_C,0.0,0.0,0.0,0.0,92.61,92.61,0.0,497220.67,662259.71,0.0,816689.75,0.0,-62514.08857142857,170046.525,21.19870354720214,5.115561072355473,0.0
2023-07-08,PJT_C,388219.32,474254.55,160787.77,186549.69,92.61,287797.47,287704.86,411185.44,636497.79,160787.77,801039.25,0.0,-18334.42142857143,171880.21,9.994395272918373,5.184024508441425,0.6166212446137045
2023-07-12,PJT_C,363159.31,0.0,160711.92,184544.23,287797.47,103253.24,-184544.23,774344.75,612665.48,160711.92,782848.97,287704.86,-7996.337142857145,173146.612,11.711921788180332,5.129834630444809,-0.370414984958323
2023-07-16,PJT_C,0.0,0.0,110122.1,97358.07,103253.24,5895.17,-97358.07,774344.75,625429.51,110122.1,775616.04,-184544.23,-1041.1742857142901,166256.74454545454,13.117170755212845,5.149240198391432,-0.18600081448004682
2023-08-22,PJT_C,288871.5,349919.47,206639.62,195699.67,5895.17,160114.97,154219.8,713296.78,636369.46,206639.62,743847.95,-97358.07,22704.60428571428,168710.32166666666,10.012159130786932,4.9514713258027205,0.2846452470194506
2023-09-06,PJT_C,0.0,0.0,196904.47,149958.62,160114.97,10156.35,-149958.62,713296.78,683315.31,196904.47,806542.05,154219.8,1437.6771428571374,167267.88307692308,10.60810531276597,4.807453854179094,-0.2667536063624065
2023-09-09,PJT_C,0.0,0.0,110574.6,9459.95,10156.35,696.4,-9459.95,713296.78,784429.96,110574.6,1049378.38,-149958.62,86.25571428570818,155995.88785714286,11.118916325890861,4.864050906458442,-0.01584680118034022
2023-09-14,PJT_C,385393.71,0.0,257915.2,657.36,696.4,39.04,-657.36,1098690.49,1041687.8,257915.2,1397880.28,-9459.95,-7.652857142863387,145639.986,12.20131403829076,4.822612766520296,-0.001010767541458652
2023-10-10,PJT_C,234210.65,658459.0700000001,180859.72,411874.73,39.04,246623.38,246584.34,674442.07,810672.79,180859.72,1017716.39,-657.36,-5882.012857142865,162279.6575,8.07531285940061,4.727327512807188,0.3662231425479074
2023-10-12,PJT_C,131984.17,0.0,108112.04,116820.5,246623.38,129802.88,-116820.5,806426.24,801964.33,108112.04,968673.16,246584.34,3792.805714285708,159605.5894117647,8.364013232607244,4.715008972658187,-0.16913567263380075
2023-10-14,PJT_C,267760.84,0.0,63581.49,67767.81,129802.88,62035.07,-67767.81,1074187.08,797778.01,63581.49,997415.69,-116820.5,8019.985714285709,154503.49055555556,8.86012849509134,4.745476466434125,-0.09575358155703657
2023-11-07,PJT_C,0.0,408409.67,93821.19,58422.11,62035.07,412022.63,349987.56,665777.41,833177.09,93821.19,1062764.57,-67767.81,35986.80857142857,149446.5757894737,7.347549463507883,4.739066502125162,0.48179959789358656
2023-11-18,PJT_C,0.0,0.0,121584.11,152381.14,412022.63,259641.49,-152381.14,665777.41,802380.06,121584.11,981186.27,349987.56,35640.73428571428,149593.304,7.419764701679412,4.675055216633889,-0.20615566008404518
2023-11-24,PJT_C,0.0,284027.86,72415.26,57397.24,259641.49,486272.11,226630.62,381749.55,817398.08,72415.26,945337.52,-152381.14,69367.95857142856,145203.01523809522,6.49452970129423,4.6710426504595715,0.3025881318798818
2023-12-04,PJT_C,193087.47,329327.23,162878.88,154439.74,486272.11,661159.6,174887.49,245509.79,825837.22,162878.88,1042547.49,226630.62,94445.79428571428,145622.86636363636,5.607736586825323,4.557967084929192,0.22941534864457389
2023-12-15,PJT_C,172078.88,0.0,0.0,0.0,661159.6,661159.6,0.0,417588.67,825837.22,0.0,956627.17,174887.49,59219.46,139291.43739130435,5.552709424154797,4.6271151675461315,0.0
2023-12-23,PJT_C,147734.66,0.0,117053.44,129719.88,661159.6,531439.72,-129719.88,565323.33,813170.78,117053.44,971168.19,0.0,57376.69142857142,138892.6225,5.566274266198454,4.554275285980996,-0.16649613428944757
2023-12-26,PJT_C,374248.09,0.0,156849.72,163436.96,531439.72,368002.76,-163436.96,939571.42,806583.54,156849.72,1064568.05,-129719.88,43709.66999999999,139874.396,5.7344120774764535,4.437665009953053,-0.20674234158324006
2024-01-05,PJT_C,0.0,0.0,197188.28,176385.05,368002.76,191617.71,-176385.05,939571.42,827386.77,197188.28,1019724.01,-163436.96,-31486.417142857146,141278.65192307692,5.889616210963839,4.292154829561776,-0.22066073428913588
2024-01-07,PJT_C,209182.86,0.0,257910.88,174181.29,191617.71,17436.42,-174181.29,1148754.28,911116.36,257910.88,1166689.29,-176385.05,-34600.724285714285,142497.26814814814,6.113882846740175,4.121913319053238,-0.21425707068142608
2024-01-25,PJT_C,0.0,0.0,146326.27,15735.4,17436.42,1701.02,-15735.4,1148754.28,1041707.23,146326.27,1321770.96,-174181.29,-69224.44142857143,137970.05857142858,6.322130437103915,4.0836778359901675,-0.018932612858342215
2024-01-29,PJT_C,289756.68,0.0,154978.34,1568.3,1701.02,132.72,-1568.3,1438510.96,1195117.27,154978.34,1506582.3,-15735.4,-94432.41142857143,133266.54965517242,6.619909476575824,4.066436256733503,-0.0018355178664426267
2024-01-30,PJT_C,0.0,369514.13,104576.23,199561.2,132.72,170085.65,169952.93,1068996.83,1100132.3,104576.23,1341574.76,-1568.3,-70153.42142857143,135476.37133333334,6.001166825675212,4.064311757906513,0.19520082558483484
2024-02-01,PJT_C,376581.23,0.0,105590.01,90070.95,170085.65,80014.7,-90070.95,1445578.06,1115651.36,105590.01,1379541.18,169952.93,-64489.28857142857,120411.47899999999,6.362903100428214,4.700227139131618,-0.0984089086168463
2024-02-08,PJT_C,0.0,146554.24,96946.64,95906.39,80014.7,130662.55,50647.85,1299023.82,1116691.61,96946.64,1369542.79,-90070.95,-33905.744285714296,114386.974,6.9520429990674115,5.11956186129901,0.052758540769204824
2024-02-09,PJT_C,396782.6,0.0,221911.65,123905.63,130662.55,6756.92,-123905.63,1695806.42,1214697.63,221911.65,1538715.85,50647.85,-26408.68428571429,109953.46766666666,7.447794661977693,5.422385643818429,-0.12263416061696739
2024-02-12,PJT_C,207737.84,0.0,71840.27,6330.04,6756.92,426.88,-6330.04,1903544.26,1280207.86,71840.27,1626556.9,-123905.63,-2429.93428571429,105296.32866666667,8.009575897347137,5.9911614105244695,-0.0059938366420635965
2024-02-13,PJT_C,0.0,183577.44,162757.05,183962.66,426.88,41.66,-385.22,1719966.82,1259002.25,162757.05,1646568.63,-6330.04,-237.05142857143278,111028.39566666666,8.043658076982716,6.416692819584244,-0.0003532275758491024
2024-02-17,PJT_C,134362.11,0.0,0.0,0.0,41.66,41.66,0.0,1854328.93,1259002.25,0.0,1527790.86,-385.22,-13.008571428575644,106803.15366666668,8.830118800565907,7.051190483128171,0.0
2024-02-19,PJT_C,0.0,0.0,284650.59,38.82,41.66,2.84,-38.82,1854328.93,1543614.02,284650.59,1987719.31,0.0,-24297.544285714288,106804.44766666667,9.253679901477998,6.775636793368521,-3.3644739277351465e-05
2024-02-21,PJT_C,360262.35,364801.59,84819.54,87189.98,2.84,277614.45,277611.61,1849789.69,1541243.58,84819.54,1933758.91,-38.82,28228.535714285706,109710.78033333334,8.686777169730181,6.848599636044085,0.23308014709452402
2024-02-24,PJT_C,0.0,0.0,272261.05,252577.72,277614.45,25036.73,-252577.72,1849789.69,1560926.91,272261.05,1837381.08,277611.61,-15089.402857142866,111911.71466666667,10.482926769604783,6.886199240439357,-0.20608475813298152
2024-03-04,PJT_C,0.0,0.0,319228.78,23424.9,25036.73,1611.83,-23424.9,1849789.69,1856730.79,319228.78,2396576.57,-252577.72,-735.012857142866,106541.07033333332,10.830450899370957,6.9205407753969785,-0.018309398849754754
2024-03-14,PJT_C,319960.47,998702.55,0.0,0.0,1611.83,1000314.38,998702.55,1171047.61,1856730.79,0.0,2223554.19,-23424.9,142841.07142857142,103295.80133333334,8.28489761636306,7.3808929819497475,0.7522295155581856
2024-03-30,PJT_C,251905.12,0.0,337602.84,431687.99,1000314.38,568626.39,-431687.99,1422952.73,1762645.64,337602.84,2104602.41,998702.55,81226.39,111162.07866666668,9.24892182153394,7.416679960358282,-0.31440875401774904
2024-04-07,PJT_C,186528.27,570215.26,337944.33,435502.67,568626.39,703338.98,134712.59,1039265.74,1665087.3,337944.33,2032729.17,-431687.99,100471.0457142857,120680.21366666668,8.101870640880522,7.402713636655196,0.095278114391003
2024-04-25,PJT_C,0.0,181279.04,218017.5,115315.5,703338.98,769302.52,65963.54,857986.7,1767789.3,218017.5,2332878.8,134712.59,109899.9542857143,124208.732,7.807310402756025,7.442629864953262,0.04528374681338998
2024-04-27,PJT_C,0.0,535901.17,60430.02,42421.58,769302.52,1262782.11,493479.59,322085.53,1785797.74,60430.02,2317246.28,65963.54,140738.23714285714,125600.87266666666,6.821268011845306,7.933288608323277,0.3317918129253272
2024-05-08,PJT_C,148750.72,0.0,201371.1,229433.4,1262782.11,1033348.71,-229433.4,470836.25,1757735.44,201371.1,2333804.61,493479.59,144044.5685714286,119519.49500000001,7.801966954686644,8.10633095337769,-0.14984026450108412
2024-05-10,PJT_C,262979.2,0.0,293894.46,382334.13,1033348.71,651014.58,-382334.13,733815.45,1669295.77,293894.46,2005142.61,-229433.4,92771.82142857143,128369.94933333334,7.785359992460553,7.970971871507632,-0.24418819043303225
2024-05-13,PJT_C,87030.58,0.0,102793.03,111269.31,651014.58,539745.27,-111269.31,820846.03,1660819.49,102793.03,2147598.09,-382334.13,-65795.58714285716,129819.99933333333,7.727417842985698,8.08667781577639,-0.06936665226278176
2024-05-26,PJT_C,0.0,0.0,355338.29,316027.52,539745.27,223717.75,-316027.52,820846.03,1700130.26,355338.29,2089446.63,-111269.31,-49272.66285714287,138406.84633333335,8.562711459173327,7.838060174771605,-0.19289993556824242
2024-06-10,PJT_C,0.0,309591.76,87893.4,74462.14,223717.75,458847.37,235129.62,511254.27,1713561.52,87893.4,2098342.69,-316027.52,-34927.37285714287,135809.54633333333,7.906230091297204,8.073795577680839,0.14033096624172697
2024-06-26,PJT_C,251810.56,359326.77,254266.43,304842.85,458847.37,513331.29,54483.92,403738.06,1662985.1,254266.43,2081154.6,235129.62,-36567.31857142859,144057.73333333334,7.77439069631299,7.95329940747494,0.03179877515658691
2024-07-01,PJT_C,0.0,0.0,321360.31,357620.39,513331.29,155710.9,-357620.39,403738.06,1626725.02,321360.31,1901182.53,54483.92,-158153.03,150830.4216666667,8.450736312736428,7.867009568486554,-0.2052908718331021
2024-07-05,PJT_C,0.0,0.0,0.0,0.0,155710.9,155710.9,0.0,403738.06,1626725.02,0.0,2007820.2,-357620.39,-125376.83000000003,150830.4216666667,8.447290427869119,8.01738842843802,0.0
2024-07-28,PJT_C,189446.02,0.0,170617.2,136537.02,155710.9,19173.88,-136537.02,593184.08,1660805.2,170617.2,1974541.26,0.0,-90262.95714285717,151057.65966666667,8.45422188697575,8.095128647182637,-0.07541383857740501
2024-08-03,PJT_C,353437.64,0.0,235221.57,17712.6,19173.88,1461.28,-17712.6,946621.72,1878314.17,235221.57,2328566.68,-136537.02,-76897.71285714288,146200.18099999998,8.455975926839695,8.175253522611717,-0.00956075143935187
2024-08-06,PJT_C,344273.73,243707.17,123953.56,111150.47,1461.28,134017.98,132556.7,1047188.28,1891117.26,123953.56,2411183.03,-17712.6,-12814.252857142876,144025.695,7.997827509208685,8.483999456113052,0.06980273282771554
2024-08-10,PJT_C,252105.05,0.0,70509.5,88897.02,134017.98,45120.96,-88897.02,1299293.33,1872729.74,70509.5,2402272.71,132556.7,-59103.77285714288,141182.886,8.033139028676851,8.974951449654242,-0.045818367238524324
2024-08-11,PJT_C,0.0,0.0,89009.52,42187.17,45120.96,2933.79,-42187.17,1299293.33,1919552.09,89009.52,2582915.34,-88897.02,-72913.9285714286,142064.61166666666,8.068450548145016,9.245830561013097,-0.021282541702437333
2024-08-15,PJT_C,272706.71,0.0,223910.55,2738.31,2933.79,195.48,-2738.31,1572000.04,2140724.33,223910.55,2591443.05,-42187.17,-22216.488571428585,142103.61200000002,8.099762704341082,9.305014352271908,-0.0013566702035605219
2024-08-27,PJT_C,101232.38,252649.12,343472.61,252832.34,195.48,12.26,-183.22,1420583.3,2231364.6,343472.61,2868010.13,-2738.31,-22242.66285714287,143879.31666666668,8.412852303854622,9.104614253166865,-8.854260796933355e-05
2024-09-05,PJT_C,168977.14,566305.04,78353.96,41362.48,12.26,524954.82,524942.56,1023255.4,2268356.08,78353.96,2778472.7,-183.22,72254.42,142255.70099999997,7.312281271074104,9.36302409662282,0.24809219302909366
2024-09-06,PJT_C,345605.33,0.0,0.0,0.0,524954.82,524954.82,0.0,1368860.73,2268356.08,0.0,2659547.52,524942.56,74784.79142857142,139058.82133333333,7.562274373842616,9.749875908463071,0.0
2024-09-18,PJT_C,143051.23,0.0,118989.61,139689.13,524954.82,385265.69,-139689.13,1511911.96,2247656.56,118989.61,2705345.4,0.0,35892.52999999999,139584.938,7.522000136437197,10.139959864090367,-0.06355847032707665
2024-09-23,PJT_C,0.0,590363.94,285465.92,220275.79,385265.69,755353.84,370088.15,921548.02,2312846.69,285465.92,2770061.19,-139689.13,101461.83999999998,146716.463,6.4703571392936245,9.931367850360491,0.1655192647859858
2024-10-05,PJT_C,0.0,273189.21,301083.58,257840.61,755353.84,770702.44,15348.6,648358.81,2356089.66,301083.58,2870741.15,370088.15,109681.23571428572,149179.06133333332,6.155561505067424,9.881715761313105,0.00674151778982284
2024-10-07,PJT_C,105673.14,310328.14,137913.33,192325.74,770702.44,888704.84,118002.4,443703.81,2301677.25,137913.33,2871010.63,15348.6,126929.90857142855,155589.91933333332,5.557891696362782,9.825651936707779,0.05083020296402986
2024-10-16,PJT_C,0.0,0.0,235446.01,191847.53,888704.84,696857.31,-191847.53,443703.81,2345275.73,235446.01,2765933.76,118002.4,99549.29285714286,161983.543,5.3040159706980585,10.052659647267138,-0.08172620210472062
2024-10-17,PJT_C,0.0,0.0,0.0,0.0,696857.31,696857.31,0.0,443703.81,2345275.73,0.0,3140200.74,-191847.53,24557.498571428565,159077.21033333335,5.405878929816762,10.349752651576583,0.0
2024-10-19,PJT_C,309737.77,129224.91,276015.48,314247.26,696857.31,511834.96,-185022.35,624216.67,2307043.95,276015.48,2938206.68,0.0,-1874.2657142857206,161132.8616666667,5.04425041619054,10.476499349996752,-0.0763182998524869
2024-10-24,PJT_C,0.0,0.0,274946.08,110588.15,511834.96,401246.81,-110588.15,624216.67,2471401.88,274946.08,2863268.67,-185022.35,2283.017142857138,164038.30333333332,4.813913495621494,10.67133927086602,-0.04532473150796815
2024-10-27,PJT_C,0.0,0.0,310678.21,373786.67,401246.81,27460.14,-373786.67,624216.67,2408293.42,310678.21,3077577.6,-110588.15,-103984.81428571428,176497.859,5.799743289433043,10.198613587237107,-0.15143026722021624
2024-10-29,PJT_C,96945.86,0.0,125452.49,25894.44,27460.14,1565.7,-25894.44,721162.53,2507851.47,125452.49,3284270.54,-373786.67,-109876.67714285714,162971.40733333334,5.6373700914429525,10.714883658988727,-0.010325983674441016
2024-11-01,PJT_C,115398.66,0.0,238523.68,1476.35,1565.7,89.35,-1476.35,836561.19,2744898.8,238523.68,3533878.07,-25894.44,-126945.06999999999,148503.8633333333,6.440119892652783,11.102439274993923,-0.0005772098097542779
2024-11-02,PJT_C,100705.34,0.0,226639.5,82.47,89.35,6.88,-82.47,937266.53,2971455.83,226639.5,3501053.53,-1476.35,-99550.06142857143,144662.76233333335,6.789288951218255,11.302300630711436,-3.1759851366678645e-05
2024-11-08,PJT_C,337998.77,0.0,204429.36,6.2,6.88,0.68,-6.2,1275265.3,3175878.99,204429.36,3854662.63,-82.47,-99550.94714285714,143248.9163333333,8.302317835143711,11.260552842312874,-2.341458846818222e-06
2024-11-16,PJT_C,180022.31,435056.54,159352.92,215421.76,0.68,219635.46,219634.78,1020231.07,3119810.15,159352.92,4209417.3,-6.2,-41742.78571428572,142781.86166666666,7.419663643061016,11.585628161049225,0.08103282022253931
2024-11-20,PJT_C,0.0,0.0,238162.87,199650.9,219635.46,19984.56,-199650.9,1020231.07,3158322.12,238162.87,3935782.77,219634.78,-54466.03571428572,136692.42066666667,7.502210290757591,11.967522365120049,-0.07195153563611256
2024-11-21,PJT_C,368730.1,0.0,101621.76,18896.23,19984.56,1088.33,-18896.23,1388961.17,3241047.65,101621.76,4180748.2,-199650.9,-3767.4014285714306,133613.318,7.665944378698294,12.25278834551817,-0.006647589794494685
2024-11-22,PJT_C,0.0,0.0,273698.01,996.09,1088.33,92.24,-996.09,1388961.17,3513749.57,273698.01,4206055.43,-18896.23,-210.4942857142882,123112.27033333333,7.829678466638994,12.763764704586887,-0.00034193210009509804
2024-12-01,PJT_C,0.0,223735.47,0.0,0.0,92.24,223827.71,223735.47,1165225.7,3513749.57,0.0,4078166.03,-996.09,31962.622857142855,120630.19900000001,8.221594285772563,13.30297637279229,0.07510128668739366
2024-12-02,PJT_C,105109.96,0.0,385750.43,205815.77,223827.71,18011.94,-205815.77,1270335.66,3693684.23,385750.43,4668508.78,223735.47,2572.1514285714284,117329.29633333333,9.4848646788418,13.353704528235781,-0.06714241425638064
2024-12-12,PJT_C,274746.11,0.0,0.0,0.0,18011.94,18011.94,0.0,1545081.77,3693684.23,0.0,4432140.61,-205815.77,2573.037142857142,105408.61666666667,9.862223330541545,14.569624420934653,0.0
2024-12-13,PJT_C,0.0,374761.86,121770.44,124423.36,18011.94,268350.44,250338.5,1170319.91,3691031.31,121770.44,4585006.36,0.0,6959.2828571428545,109556.06199999999,9.000462124587571,14.623849305291397,0.07736925167169835
2024-12-15,PJT_C,95708.4,426831.04000000004,144302.98,175796.67,268350.44,519384.81,251034.37,839197.27,3659537.62,144302.98,4627687.71,250338.5,71342.89285714286,110864.71699999999,8.060702542212352,15.071491290359633,0.07552015512434836
2024-12-26,PJT_C,85668.77,0.0,116216.34,80526.94,519384.81,438857.87,-80526.94,924866.04,3695227.02,116216.34,4543984.68,251034.37,62538.50571428571,112958.52833333332,8.055016495892671,15.76506196216444,-0.023698903204218903
2025-01-01,PJT_C,333697.13,527679.62,330792.92,450507.34,438857.87,516030.15,77172.28,730883.55,3575512.6,330792.92,4561898.25,-80526.94,73705.41571428571,124270.42400000001,7.421530271310077,15.473803275962233,0.02224235680856197
2025-01-02,PJT_C,369086.98,0.0,155148.54,163593.43,516030.15,352436.72,-163593.43,1099970.53,3567067.71,155148.54,4712912.3,77172.28,18372.71571428572,126760.30433333333,7.373034713307702,15.54377595607729,-0.04612644061658612
2025-01-06,PJT_C,329623.66,0.0,368153.64,319986.98,352436.72,32449.74,-319986.98,1429594.19,3615234.37,368153.64,4475012.62,-163593.43,2062.542857142864,136020.298,7.404737122233773,15.086168941461366,-0.08864641525250049
2025-01-09,PJT_C,293414.09,0.0,139442.72,30276.72,32449.74,2173.02,-30276.72,1723008.28,3724400.37,139442.72,4646123.3,-319986.98,-2262.702857142855,136938.245,7.441477670037418,15.58828782282368,-0.00823141926841274
2025-01-10,PJT_C,136024.94,93220.32,228132.55,95179.18,2173.02,214.16,-1958.86,1765812.9,3857353.74,228132.55,4941410.4,-30276.72,-38305.182857142856,131683.13966666666,7.829160098720729,16.20228467176284,-0.0005227386409744727
2025-01-18,PJT_C,374360.55,78471.97,195043.96,78670.54,214.16,15.59,-198.57,2061701.48,3973727.16,195043.96,5067500.39,-1958.86,-74195.60285714285,132926.74166666664,9.231978881451685,16.169741570120085,-5.1932682281471714e-05
2025-01-19,PJT_C,152868.65,0.0,0.0,0.0,15.59,15.59,0.0,2214570.13,3973727.16,0.0,4758073.44,-198.57,-62691.75428571428,132926.74166666664,9.476201478509537,16.46928823437034,0.0
2025-01-22,PJT_C,0.0,0.0,0.0,0.0,15.59,15.59,0.0,2214570.13,3973727.16,0.0,5027510.46,0.0,-73716.36571428571,128270.43733333332,9.67911397199881,17.130505189018063,0.0
2025-01-28,PJT_C,162182.13,0.0,0.0,0.0,15.59,15.59,0.0,2376752.26,3973727.16,0.0,4639866.93,0.0,-50345.875714285714,120927.911,12.174990872407868,18.369190280865432,0.0
2025-02-03,PJT_C,287298.82,1039509.45,0.0,0.0,15.59,1039525.04,1039509.45,1624541.63,3973727.16,0.0,5357449.02,0.0,143867.9,112333.22399999999,9.87925745650927,19.802394633101223,0.2525424402513359
2025-02-07,PJT_C,229963.53,730904.16,122148.86,133763.31,1039525.04,1636665.89,597140.85,1123601.0,3962112.71,122148.86,4559884.98,1039509.45,233498.98142857142,110381.14299999998,9.023198536262795,20.199148734739076,0.14311436876891853
2025-02-11,PJT_C,270360.64,0.0,373823.36,374175.14,1636665.89,1262490.75,-374175.14,1393961.64,3961760.93,373823.36,4821128.43,597140.85,180325.22714285713,116458.73,9.257287052016965,19.968510283974332,-0.08822847046519426
2025-02-24,PJT_C,0.0,634555.61,369835.33,460992.88,1262490.75,1436053.48,173562.73,759406.03,3870603.38,369835.33,5065842.07,-374175.14,205148.27,131825.15933333331,8.073090354725583,18.899232035821765,0.04031497629920613
2025-03-02,PJT_C,325786.05,262476.28,169626.19,182532.91,1436053.48,1515996.85,79943.37,822715.8,3857696.66,169626.19,4816311.61,173562.73,216568.75142857138,127434.681,7.891359579475841,19.56196593131107,0.01830301270432623
2025-03-16,PJT_C,307281.15,483632.69,79219.99,113099.76,1515996.85,1886529.78,370532.93,646364.26,3823816.89,79219.99,4914558.22,79943.37,269502.02714285714,127518.40133333333,7.176900955919547,20.562590706327494,0.08352583779394515
2025-03-18,PJT_C,101266.09,0.0,207786.78,174727.96,1886529.78,1711801.82,-174727.96,747630.35,3856875.71,207786.78,5066478.75,370532.93,244540.88999999996,120883.111,7.200139049320607,21.264904705006153,-0.03880735775313708
2025-04-13,PJT_C,310209.44,298593.95,251213.76,245860.3,1711801.82,1764535.47,52733.65,759245.84,3862229.17,251213.76,4574727.74,-174727.96,103572.91857142858,128215.30633333333,6.823659613651653,21.011114065144238,0.011601390693940837
2025-04-14,PJT_C,150105.39,0.0,146640.61,120887.81,1764535.47,1643647.66,-120887.81,909351.23,3887981.97,146640.61,5046420.03,52733.65,997.395714285717,132195.68833333332,6.836635986205626,21.612734072432858,-0.026303532193769817
2025-04-15,PJT_C,209282.12,0.0,0.0,0.0,1643647.66,1643647.66,0.0,1118633.35,3887981.97,0.0,4919953.82,-120887.81,54450.98714285715,132192.93933333334,6.868968478745117,22.803731825279122,0.0
2025-04-18,PJT_C,192837.31,103875.11,164483.53,168125.67,1643647.66,1579397.1,-64250.56,1207595.55,3884339.83,164483.53,4815129.31,0.0,20477.660000000003,137796.92166666666,6.732237683964192,23.13814975282891,-0.01374287774581247
2025-04-26,PJT_C,0.0,0.0,388821.96,366258.9,1579397.1,1213138.2,-366258.9,1207595.55,3906902.89,388821.96,5079622.79,-64250.56,-43265.52142857143,142824.82633333333,7.322636011350532,22.246481546896085,-0.07785790812183051
2025-04-28,PJT_C,176180.44,0.0,288084.16,172722.52,1213138.2,1040415.68,-172722.52,1383775.99,4022264.53,288084.16,4673286.38,-366258.9,-120873.44285714287,141927.21366666668,7.391512076357662,22.198328040366412,-0.036525810286971674
2025-05-02,PJT_C,92692.93,150278.34,373330.86,312472.53,1040415.68,878221.49,-162194.19,1326190.58,4083122.86,373330.86,4874595.23,-172722.52,-119082.90428571428,151713.09033333333,7.175329123005542,21.236161842230814,-0.034132433349692584
2025-05-06,PJT_C,179839.56,499240.97,119976.7,173859.18,878221.49,1203603.28,325381.79,1006789.17,4029240.38,119976.7,4684789.49,-162194.19,-80133.17000000001,157475.19333333336,6.506546025012009,21.957559594661397,0.0682447429739579
2025-05-10,PJT_C,84038.36,0.0,269309.08,220117.34,1203603.28,983485.94,-220117.34,1090827.53,4078432.12,269309.08,5411964.33,325381.79,-94308.81714285715,164812.43800000002,6.74871632061168,20.986669495802467,-0.04574032232931508
2025-05-22,PJT_C,302060.52,389483.64,387244.74,508419.58,983485.94,864550.0,-118935.94,1003404.41,3957257.28,387244.74,4839194.89,-220117.34,-111299.66571428571,174899.23166666666,6.273547909090979,21.02880911161318,-0.024685669935788624
2025-05-26,PJT_C,0.0,161286.69,285857.52,183370.64,864550.0,842466.05,-22083.95,842117.72,4059744.16,285857.52,5454398.04,-118935.94,-105275.86428571431,181011.58633333334,5.9993899247037685,20.054898414043876,-0.004551429727568181
2025-06-10,PJT_C,141050.1,405664.95999999996,310371.94,313436.8,842466.05,934694.21,92228.16,577502.86,4056679.3,310371.94,5326078.13,-22083.95,-39777.71285714286,187312.03433333331,5.875582520197258,19.48401607755639,0.018911640834939843
2025-06-12,PJT_C,0.0,82878.11,231679.02,335292.79,934694.21,682279.53,-252414.68,494624.75,3953065.53,231679.02,5112280.51,92228.16,-51162.30714285715,192628.57166666666,6.1577133361511445,19.251997151840694,-0.051587462594913806
2025-06-16,PJT_C,0.0,0.0,308928.17,295478.17,682279.53,386801.36,-295478.17,494624.75,3966515.53,308928.17,4996055.05,-252414.68,-70202.87571428572,199793.61266666665,6.0853034982088525,18.703115122933077,-0.06020318930019544
2025-06-27,PJT_C,351554.8,0.0,210974.38,148246.25,386801.36,238555.11,-148246.25,846179.55,4029243.66,210974.38,5235842.78,-295478.17,-137864.0242857143,189718.243,6.6996999236572785,19.14161617268321,-0.030067305527406937
2025-07-03,PJT_C,88341.31,146379.43,75786.89,78581.14,238555.11,306353.4,67798.29,788141.43,4026449.41,75786.89,5118022.38,-148246.25,-96733.22,186884.5,6.467249858378412,19.467781539103562,0.01371329152284684
2025-07-09,PJT_C,389436.36,0.0,66003.07,68730.39,306353.4,237623.01,-68730.39,1177577.79,4023722.09,66003.07,4833490.23,67798.29,-89560.99857142857,178509.28033333333,6.421926849654775,20.55920143137383,-0.013868304999720705
2025-07-14,PJT_C,347349.97,0.0,84525.2,93391.09,237623.01,144231.92,-93391.09,1524927.76,4014856.2,84525.2,5406795.65,-68730.39,-99747.73285714288,180613.09266666666,6.386303750777311,20.80785335451381,-0.018748379249736304
2025-07-17,PJT_C,265059.34,0.0,66922.15,74816.4,144231.92,69415.52,-74816.4,1789987.1,4006961.95,66922.15,5338844.18,-93391.09,-123611.24142857143,179934.33333333334,6.4996165847278125,21.43948260641892,-0.014979648235662385
2025-07-24,PJT_C,0.0,0.0,309626.02,65584.43,69415.52,3831.09,-65584.43,1789987.1,4251003.54,309626.02,4915333.1,-74816.4,-96921.20571428572,179498.12966666665,6.543842596765116,21.05459759692464,-0.013144583568079115
2025-07-29,PJT_C,0.0,400481.30000000005,0.0,0.0,3831.09,404312.39,400481.3,1389505.8,4251003.54,0.0,4966383.73,-65584.43,2501.57571428571,179498.12966666665,5.948643484366861,21.103567147167873,0.0801538434509197
2025-07-30,PJT_C,230467.88,0.0,92666.99,74963.41,404312.39,329348.98,-74963.41,1619973.68,4268707.12,92666.99,5070119.46,400481.3,12970.552857142853,181996.91,5.845936327791548,20.81500822137739,-0.01499919692518317
2025-08-06,PJT_C,198612.18,704311.67,116030.89,138924.94,329348.98,894735.71,565386.73,1114274.19,4245813.07,116030.89,4939049.26,-74963.41,84054.61571428571,186627.74133333334,5.017446935624617,20.449971958815336,0.11290119785969589
2025-08-07,PJT_C,82936.0,268483.05,288799.31,327861.36,894735.71,835357.4,-59378.31,928727.14,4206751.02,288799.31,5505591.84,565386.73,85390.62714285713,197556.4533333333,5.571882088936824,19.529002130562006,-0.0118454818909209
2025-08-13,PJT_C,131736.75,0.0,138694.83,167557.33,835357.4,667800.07,-167557.33,1060463.89,4177888.52,138694.83,5099687.48,-59378.31,74795.44999999998,198682.92066666667,6.375102935482813,19.51162099476706,-0.03330674610504936
2025-08-14,PJT_C,136602.54,0.0,353663.94,330251.42,667800.07,337548.65,-330251.42,1197066.43,4201301.04,353663.94,5263116.68,-167557.33,38304.73285714286,197218.79666666666,6.335657797632025,19.61442677444301,-0.0654550950778633
2025-08-24,PJT_C,270338.66,427539.19,0.0,0.0,337548.65,765087.84,427539.19,1039865.9,4201301.04,0.0,5598342.29,-330251.42,108750.96428571429,181852.36733333333,6.668401031225693,20.92525523374072,0.0844402523573752
2025-09-28,PJT_C,315185.01,587957.73,304002.9,281264.86,765087.84,1071780.71,306692.87,767093.18,4224039.08,304002.9,5411109.36,427539.19,95352.61714285715,185143.43233333333,6.23277957685897,20.512204903391453,0.06033648113222866
